Genotype,LogisticRegression_performance_accuracy,LogisticRegression_performance_f1_score,LogisticRegression_performance_auc,LogisticRegression_fairness_disparate_impact,LogisticRegression_fairness_discrimination_score,LogisticRegression_fairness_true_positive_rate_diff,LogisticRegression_fairness_false_positive_rate_diff,LogisticRegression_fairness_false_positive_error_rate_balance_score,LogisticRegression_fairness_false_negative_error_rate_balance_score,LogisticRegression_fairness_consistency,SVC_performance_accuracy,SVC_performance_f1_score,SVC_performance_auc,SVC_fairness_disparate_impact,SVC_fairness_discrimination_score,SVC_fairness_true_positive_rate_diff,SVC_fairness_false_positive_rate_diff,SVC_fairness_false_positive_error_rate_balance_score,SVC_fairness_false_negative_error_rate_balance_score,SVC_fairness_consistency,GaussianNB_performance_accuracy,GaussianNB_performance_f1_score,GaussianNB_performance_auc,GaussianNB_fairness_disparate_impact,GaussianNB_fairness_discrimination_score,GaussianNB_fairness_true_positive_rate_diff,GaussianNB_fairness_false_positive_rate_diff,GaussianNB_fairness_false_positive_error_rate_balance_score,GaussianNB_fairness_false_negative_error_rate_balance_score,GaussianNB_fairness_consistency,DecisionTreeClassifier_performance_accuracy,DecisionTreeClassifier_performance_f1_score,DecisionTreeClassifier_performance_auc,DecisionTreeClassifier_fairness_disparate_impact,DecisionTreeClassifier_fairness_discrimination_score,DecisionTreeClassifier_fairness_true_positive_rate_diff,DecisionTreeClassifier_fairness_false_positive_rate_diff,DecisionTreeClassifier_fairness_false_positive_error_rate_balance_score,DecisionTreeClassifier_fairness_false_negative_error_rate_balance_score,DecisionTreeClassifier_fairness_consistency,RandomForestClassifier_performance_accuracy,RandomForestClassifier_performance_f1_score,RandomForestClassifier_performance_auc,RandomForestClassifier_fairness_disparate_impact,RandomForestClassifier_fairness_discrimination_score,RandomForestClassifier_fairness_true_positive_rate_diff,RandomForestClassifier_fairness_false_positive_rate_diff,RandomForestClassifier_fairness_false_positive_error_rate_balance_score,RandomForestClassifier_fairness_false_negative_error_rate_balance_score,RandomForestClassifier_fairness_consistency,LogisticRegression_performance_accuracymean,LogisticRegression_performance_f1_scoremean,LogisticRegression_performance_aucmean,LogisticRegression_fairness_disparate_impactmean,LogisticRegression_fairness_discrimination_scoremean,LogisticRegression_fairness_true_positive_rate_diffmean,LogisticRegression_fairness_false_positive_rate_diffmean,LogisticRegression_fairness_false_positive_error_rate_balance_scoremean,LogisticRegression_fairness_false_negative_error_rate_balance_scoremean,LogisticRegression_fairness_consistencymean,SVC_performance_accuracymean,SVC_performance_f1_scoremean,SVC_performance_aucmean,SVC_fairness_disparate_impactmean,SVC_fairness_discrimination_scoremean,SVC_fairness_true_positive_rate_diffmean,SVC_fairness_false_positive_rate_diffmean,SVC_fairness_false_positive_error_rate_balance_scoremean,SVC_fairness_false_negative_error_rate_balance_scoremean,SVC_fairness_consistencymean,GaussianNB_performance_accuracymean,GaussianNB_performance_f1_scoremean,GaussianNB_performance_aucmean,GaussianNB_fairness_disparate_impactmean,GaussianNB_fairness_discrimination_scoremean,GaussianNB_fairness_true_positive_rate_diffmean,GaussianNB_fairness_false_positive_rate_diffmean,GaussianNB_fairness_false_positive_error_rate_balance_scoremean,GaussianNB_fairness_false_negative_error_rate_balance_scoremean,GaussianNB_fairness_consistencymean,DecisionTreeClassifier_performance_accuracymean,DecisionTreeClassifier_performance_f1_scoremean,DecisionTreeClassifier_performance_aucmean,DecisionTreeClassifier_fairness_disparate_impactmean,DecisionTreeClassifier_fairness_discrimination_scoremean,DecisionTreeClassifier_fairness_true_positive_rate_diffmean,DecisionTreeClassifier_fairness_false_positive_rate_diffmean,DecisionTreeClassifier_fairness_false_positive_error_rate_balance_scoremean,DecisionTreeClassifier_fairness_false_negative_error_rate_balance_scoremean,DecisionTreeClassifier_fairness_consistencymean,RandomForestClassifier_performance_accuracymean,RandomForestClassifier_performance_f1_scoremean,RandomForestClassifier_performance_aucmean,RandomForestClassifier_fairness_disparate_impactmean,RandomForestClassifier_fairness_discrimination_scoremean,RandomForestClassifier_fairness_true_positive_rate_diffmean,RandomForestClassifier_fairness_false_positive_rate_diffmean,RandomForestClassifier_fairness_false_positive_error_rate_balance_scoremean,RandomForestClassifier_fairness_false_negative_error_rate_balance_scoremean,RandomForestClassifier_fairness_consistencymean
"[['asian', 'LGAFFS']]",0.9492930277913213,0.973973973973974,0.5047619047619047,0.0001702459729206128,0.00017018927598376222,0.0,0.02857228636248801,0.028572286362487972,0.0,5.282702643350294e-07,0.9488054607508533,0.9737302977232924,0.5,0.0,0.0,0.0,0.0,0.0,0.0,0.0,0.6523647001462701,0.7820238459186794,0.609575196985269,3.8831139501410936,0.7817245543288951,0.750243564830937,0.6450497154263766,0.6450497154263766,0.750243564830937,0.013138477676711755,0.8352023403217943,0.9081022294725394,0.6338472079479274,0.10758308395926254,0.07386243363467193,0.05523942443197237,0.3039301645218247,0.30393016452182475,0.05523942443197234,0.018355225777560342,0.947342759629449,0.9729594391587381,0.49922918807810895,0.00022419948303425475,0.0002234324339287128,0.0003006301414684193,0.0,0.0,0.00030063014146841855,2.588524295241897e-05,0.9448399154883798,0.9714472119380516,0.5069201781431998,0.004789872908482453,0.003479672129065675,0.002893989146794455,0.04812164160812616,0.04812164160812616,0.002893989146794455,0.000117432718860808,0.9488217129855357,0.9737384202649818,0.5001587301587301,4.572119693082723e-08,4.568616378983736e-08,0.0,2.66307804309311e-05,2.6630780430931178e-05,0.0,3.962026982512721e-08,0.3220380302291565,0.3532403746795279,0.5641920749114995,6163.630478130513,0.6325836534219464,0.7012616386366819,0.21920456527127205,0.21920456527127205,0.7012616386366818,0.0023045860717653215,0.8968308142369575,0.9449579678959192,0.551897910243234,0.022590708106418018,0.018840710500648058,0.01568861783791216,0.09282457020507501,0.09282457020507502,0.015688617837912155,0.008643908484325962,0.9343084674142693,0.9658901486902093,0.5271988123786684,0.00892472083607383,0.008275493353774015,0.006991621545123022,0.034781281617081765,0.034781281617081765,0.006991621545123014,0.0016176515944380772
"[['hisp', 'MSG'], ['asian', 'REW'], ['black', 'MSG'], ['asian', 'REW'], ['asian', 'REW'], ['black', 'DIR'], ['black', 'DIR'], ['black', 'MSG'], ['black', 'DIR']]",0.9488054607508533,0.9737302977232924,0.5,0.0,0.0,0.0,0.0,0.0,0.0,0.0,0.9488054607508533,0.9737302977232924,0.5,0.0,0.0,0.0,0.0,0.0,0.0,0.0,0.9488054607508533,0.9737302977232924,0.5,0.0,0.0,0.0,0.0,0.0,0.0,0.0,0.8922476840565577,0.9428792969759627,0.4972250770811922,0.00437944028229496,0.003851682004664028,0.0034260079353440735,0.028761242865405656,0.02876124286540567,0.0034260079353440635,0.0060597089616480915,0.9258898098488543,0.9614604462474645,0.5014388489208633,0.0010385342677025912,0.000985941422526737,0.0009135368289729827,0.007190310716351428,0.007190310716351419,0.0009135368289729647,0.0009363326300207142,0.937656427758817,0.9674019153781218,0.5205538426401736,0.010701761160260078,0.008154447197143897,0.006485361422134891,0.12521624164027262,0.12521624164027262,0.006485361422134889,0.0003871816030373493,0.9488054607508535,0.9737302977232926,0.5,0.0,0.0,0.0,0.0,0.0,0.0,0.0,0.4382415082073784,0.48242607753103844,0.6011019755624072,9958.955311611013,0.48032688144995245,0.5092904022097159,0.22462334146309196,0.22462334146309199,0.5092904022097159,0.0020922592848715625,0.8983910287664554,0.9458275848154541,0.553621103117506,0.024604489507738487,0.021115080412663374,0.015579678617021064,0.11797655586204246,0.1179765558620425,0.015579678617021052,0.008706634415062671,0.9341621973021291,0.9657953984892929,0.5317768642229073,0.010562470943469125,0.009766961607048347,0.0070717722347887245,0.054684149359062025,0.05468414935906203,0.007071772234788717,0.0016965672478757735
"[['asian', 'MSG'], ['other', 'DIR'], ['other', 'DIR'], ['white', 'LGAFFS'], ['other', 'REW'], ['white', 'LGAFFS'], ['black', 'LGAFFS']]",0.8498293515358362,0.9168466522678186,0.6505652620760535,0.1140743817108904,0.08440948698362274,0.06856415020854068,1.1713099799817686,1.1713099799817686,0.06856415020854072,0.0036308279402882332,0.9488054607508533,0.9737302977232924,0.5,0.0,0.0,0.0,0.0,0.0,0.0,0.0,0.08678693320331546,0.07779419005416051,0.491726618705036,107368.49379591056,1.0640195040255362,1.0767749718708224,1.0286023090495675,1.0286023090495675,1.0767749718708222,0.0001945619383546095,0.9132130667966846,0.954241645244216,0.5578280232956492,0.016062573712244115,0.014424529982942873,0.013010680891691327,0.08423056532665184,0.08423056532665182,0.013010680891691306,0.004471490825437882,0.9356411506582155,0.9665144596651446,0.5561322370674888,0.010727113238681883,0.01010592603898048,0.008225885541778796,0.061210406411092814,0.06121040641109288,0.008225885541778746,0.0018955657760003639,0.916804810661466,0.9540762816449213,0.535093639374215,0.08646030849004958,0.03728099314398967,0.032706922074557644,0.27657112813568757,0.2765711281356876,0.03270692207455764,0.0007704654519743471,0.9488054607508535,0.9737302977232926,0.5,0.0,0.0,0.0,0.0,0.0,0.0,0.0,0.3618722574353974,0.39511957615615617,0.563109512390088,13355.128164227172,0.5455356267369893,0.60859656375843,0.26325176870823935,0.2632517687082394,0.6085965637584299,0.0008564062194772597,0.9070372176174223,0.9507374358481125,0.5595289482699554,0.027202423670049367,0.02347532370620122,0.018131761290794565,0.10492009594784131,0.10492009594784132,0.018131761290794537,0.007526628321112989,0.9320169023240694,0.9646234681130554,0.5368031289254311,0.013889104044426755,0.012886114266844355,0.00929196179565774,0.061053406517467386,0.06105340651746738,0.009291961795657729,0.002019005808217097
"[['hisp', 'REW'], ['asian', 'REW'], ['other', 'LGAFFS'], ['white', 'MSG'], ['black', 'REW']]",0.9488054607508533,0.9737302977232924,0.5,0.0,0.0,0.0,0.0,0.0,0.0,0.0,0.9488054607508533,0.9737302977232924,0.5,0.0,0.0,0.0,0.0,0.0,0.0,0.0,0.09361287176986836,0.08648648648648649,0.517848578280233,2893.375753868734,0.6919506856052975,0.8258138606791902,0.02857228636248801,0.028572286362487972,0.8258138606791902,0.0002229300515494045,0.9044368600682594,0.9492227979274611,0.5802329564919493,0.012203290732838129,0.010632312487328127,0.004715332972030666,0.16717996724133166,0.1671799672413318,0.004715332972030648,0.010682153015119707,0.9312530472940029,0.9642404260715192,0.531294964028777,0.006148748580715334,0.005796184229019236,0.005702740902638248,0.024212856814302203,0.024212856814302196,0.005702740902638243,0.0031895109614627102,0.9301803998049732,0.9622907074846583,0.5190167865707433,0.04594315025314424,0.023324390967910565,0.02063806540210323,0.15990778144236797,0.15990778144236797,0.020638065402103237,0.00041066585763836565,0.9472289939866734,0.9728794587393537,0.49916923603973967,0.00046433981929135104,0.0004298611150984514,0.00046984066052741343,0.0,0.0,0.000469840660527413,2.6651234835705197e-06,0.4316593531610596,0.4905981792548852,0.5591909329679114,5722.578926776106,0.6575620734720772,0.7365430214557928,0.41535310206783094,0.415353102067831,0.7365430214557929,0.0020077386839292724,0.9096700796359499,0.9522505112408163,0.5418453808381866,0.022296644830250432,0.0197043448906478,0.01492507391028226,0.09648253224641488,0.0964825322464149,0.014925073910282239,0.005990031874683164,0.9345522509345034,0.9660258759205705,0.5268767842868562,0.010295940065465135,0.009765290700051511,0.006945310860295025,0.04999275376736803,0.04999275376736803,0.006945310860295012,0.0013710391869385325
"[['black', 'DIR'], ['asian', 'REW'], ['black', 'MSG'], ['asian', 'DIR'], ['hisp', 'LGAFFS'], ['black', 'DIR'], ['white', 'REW'], ['black', 'MSG'], ['black', 'DIR']]",0.9488054607508533,0.9737302977232924,0.5,0.0,0.0,0.0,0.0,0.0,0.0,0.0,0.9488054607508533,0.9737302977232924,0.5,0.0,0.0,0.0,0.0,0.0,0.0,0.0,0.9492930277913213,0.973973973973974,0.5047619047619047,0.0001702459729206128,0.00017018927598376222,0.0,0.02857228636248801,0.028572286362487972,0.0,5.282702643350294e-07,0.8761579717211117,0.9335078534031414,0.5247858855772525,0.01626178492100914,0.013691416091294206,0.012781321979416218,0.09002072376975209,0.09002072376975215,0.012781321979416204,0.009457622542390997,0.9229644076060458,0.9598577235772358,0.5044021925316889,0.0001255925396182437,0.00011826697176378894,8.916241266707347e-05,0.025743090797627467,0.025743090797627426,8.916241266707346e-05,0.0016273101357710017,0.932033154558752,0.9629484413853735,0.5120343725019985,0.06273079388023142,0.02507457338491204,0.022579828280841766,0.12237655620304735,0.12237655620304735,0.022579828280841773,0.00029986997419848824,0.9488054607508535,0.9737302977232926,0.5,0.0,0.0,0.0,0.0,0.0,0.0,0.0,0.4318868844466114,0.49665142622522324,0.5585600091355487,1382.316467369456,0.7532766111177103,0.8336023409886202,0.4663346192598234,0.4663346192598234,0.8336023409886201,0.0026895700705030375,0.9079798472289939,0.9511055004144165,0.5486131095123901,0.025510372952561852,0.02252278909228096,0.01549870399254086,0.13661940472128922,0.13661940472128925,0.015498703992540837,0.005849895860762117,0.9380627336258736,0.9678996982307417,0.5303785542994176,0.013290154324612244,0.012599590357424993,0.0078020459072372424,0.07909079334812787,0.07909079334812787,0.007802045907237234,0.0012683839482720586
"[['black', 'LGAFFS'], ['asian', 'REW'], ['white', 'LGAFFS'], ['white', 'DIR'], ['hisp', 'LGAFFS'], ['asian', 'DIR']]",0.9488054607508533,0.9737302977232924,0.5,0.0,0.0,0.0,0.0,0.0,0.0,0.0,0.9488054607508533,0.9737302977232924,0.5,0.0,0.0,0.0,0.0,0.0,0.0,0.0,0.10823988298391028,0.11685176243360695,0.5120417951353203,777.7736961530196,0.9024576885949318,1.070328305984476,0.11047926801552692,0.11047926801552692,1.070328305984476,0.0004923214728470815,0.9112627986348123,0.9528741584671155,0.610859883521754,0.0880122118879418,0.07603747666296459,0.04982406643849392,0.14901815135601765,0.14901815135601768,0.04982406643849387,0.008997050112430433,0.9371038517796197,0.9672505712109672,0.5704179513532032,0.022466031054171005,0.02106413957141201,0.009643987864624951,0.08862346892300087,0.08862346892300083,0.00964398786462493,0.0023292492495062514,0.9444498618560055,0.9713069609053034,0.5094176087701268,0.0038703793727715955,0.0032611059454504955,0.0032777334238166737,0.03670897952147562,0.03670897952147563,0.0032777334238166715,0.00015924266893160795,0.9488054607508535,0.9737302977232926,0.5,0.0,0.0,0.0,0.0,0.0,0.0,0.0,0.40853242320819116,0.46444291702162066,0.5441503939705379,4171.164320974911,0.8521485716011769,0.9448876995353823,0.4275288480152514,0.4275288480152514,0.9448876995353823,0.0010894799405523385,0.9179099626198605,0.9568001662406126,0.5452866278405846,0.024008379302308706,0.021685866098504484,0.01455810114982014,0.1400142551131656,0.14001425511316562,0.01455810114982012,0.004842983682074908,0.9371851129530311,0.9674368928903209,0.5281140801644398,0.011935376091707152,0.011284267596548775,0.007010756632149941,0.09991137640215543,0.09991137640215539,0.007010756632149924,0.0012974722699272282
"[['hisp', 'MSG'], ['black', 'DIR'], ['white', 'DIR'], ['white', 'DIR'], ['hisp', 'REW'], ['hisp', 'DIR'], ['black', 'DIR'], ['black', 'MSG'], ['black', 'DIR']]",0.9488054607508533,0.9737302977232924,0.5,0.0,0.0,0.0,0.0,0.0,0.0,0.0,0.9488054607508533,0.9737302977232924,0.5,0.0,0.0,0.0,0.0,0.0,0.0,0.0,0.9483178937103852,0.9734734734734735,0.49974306269270297,1.3716359079248169e-06,1.3705849136951206e-06,1.4980571597215067e-06,0.0,0.0,1.49805715972188e-06,1.1886080947538162e-06,0.8966357874207703,0.9450777202072539,0.540082219938335,0.008624426750834215,0.0074987377675973434,0.006303148653207158,0.06453430708469887,0.06453430708469891,0.00630314865320715,0.005659068793176346,0.9268649439297904,0.9619868220983274,0.5019527235354573,0.0007860093732998863,0.0007468941552423963,0.000758661739870181,0.007190310716351428,0.007190310716351419,0.0007586617398701753,0.0008200867583537851,0.9293352836014954,0.9611770618720467,0.5151176201895626,0.07830010227480484,0.029109329599812037,0.02797858550232084,0.12719164245432488,0.12719164245432488,0.027978585502320838,0.00031667337085654654,0.9479440923126933,0.9732705927349502,0.49954607742377527,0.0001337625868161673,0.00012833243408561477,0.00014026808538861784,0.0,0.0,0.00014026808538861757,3.962026982513082e-06,0.47485779294653013,0.5258950571525024,0.552072627612196,22338.86110566241,0.5409475976736424,0.5774857253562229,0.36160082152644546,0.3616008215264455,0.5774857253562229,0.0030119355534577947,0.9065171461075897,0.9504702813449698,0.5400336873358458,0.03191618002657516,0.02787705460899757,0.02565036064663219,0.07899070547716194,0.07899070547716196,0.02565036064663218,0.006429484939926029,0.9361449699333657,0.9668706598361125,0.5296682653876899,0.010573612436486213,0.009983324667323169,0.007469248262034531,0.059145334857323734,0.059145334857323734,0.007469248262034517,0.0013313493615285962
"[['white', 'LGAFFS'], ['asian', 'LGAFFS'], ['hisp', 'REW'], ['black', 'MSG'], ['black', 'REW'], ['hisp', 'LGAFFS']]",0.9488054607508533,0.9737302977232924,0.5,0.0,0.0,0.0,0.0,0.0,0.0,0.0,0.9488054607508533,0.9737302977232924,0.5,0.0,0.0,0.0,0.0,0.0,0.0,0.0,0.9488054607508533,0.9737302977232924,0.5,0.0,0.0,0.0,0.0,0.0,0.0,0.0,0.9405168210628961,0.9693313222724987,0.5001370332305584,0.001990268349336009,0.0019470787144098254,0.003115818042095541,0.0007989234129279329,0.0007989234129279353,0.0031158180420955417,0.00031725270724643727,0.947342759629449,0.9729594391587381,0.49922918807810895,0.00047858894447987767,0.0004777498788236678,0.0006335896600383459,0.0,0.0,0.0006335896600383449,1.3259583634811042e-05,0.9336258735576144,0.9636024520467125,0.5079182368391001,0.07302102425198458,0.024817599832235814,0.02340593900757284,0.08423093923978515,0.08423093923978518,0.02340593900757284,0.00015529560960658432,0.9488054607508535,0.9737302977232926,0.5,0.0,0.0,0.0,0.0,0.0,0.0,0.0,0.5230131643100927,0.5843212517802906,0.5809032773780974,15695.51333362728,0.4782275785962786,0.510594394397477,0.3078412092903036,0.3078412092903036,0.510594394397477,0.0033023732620865794,0.9057857955468877,0.9500677739529958,0.5405492748658216,0.036184413150758044,0.02989577629514444,0.02459791778063532,0.0958708119897533,0.09587081198975335,0.024597917780635314,0.006571902200938566,0.9362262311067772,0.9669224780499973,0.5258067831449126,0.013099882946029272,0.012228023225991183,0.008940652828998146,0.05444649658319579,0.05444649658319579,0.008940652828998133,0.0012224534901394445
"[['asian', 'MSG'], ['black', 'LGAFFS'], ['other', 'LGAFFS'], ['white', 'REW'], ['black', 'REW'], ['other', 'REW'], ['white', 'REW']]",0.9049244271087274,0.9493374902572097,0.6075196985268928,0.0291658660694471,0.025501371659551367,0.018545295654829215,0.5520253508590298,0.5520253508590298,0.01854529565482923,0.0012892435801097643,0.9488054607508533,0.9737302977232924,0.5,0.0,0.0,0.0,0.0,0.0,0.0,0.0,0.39785470502194054,0.5417439703153989,0.5970880438506337,5.268031317957208,0.7587806985153696,0.9379821364268361,0.4078778239703009,0.4078778239703009,0.9379821364268361,0.0035105936281255743,0.9312530472940029,0.96422227860949,0.5357999314833847,0.025893481549194873,0.024088190266856987,0.019488131654375403,0.04485075910916361,0.04485075910916363,0.01948813165437538,0.0035615188816074733,0.9341784495368113,0.965865992414665,0.5193216855087359,0.00944639462616968,0.008967332773845071,0.007135305762373591,0.055420147229458934,0.055420147229458955,0.007135305762373561,0.0018644770709442416,0.9085161709735091,0.9468986642054118,0.5257702409500971,0.22183527290694016,0.06423288526905067,0.061907576743619463,0.2320373656822356,0.2320373656822356,0.061907576743619463,0.0007096817949095121,0.9474077685681783,0.9729780673099644,0.49926344638574854,0.00036171144292582175,0.0003378948673895357,0.00036932102511008066,0.0,0.0,0.00036932102511008034,2.3287914152771982e-06,0.3961319681456201,0.4415423659198758,0.5584886376612995,156328.60694894523,0.7001223846088694,0.7691103460732214,0.3370792674969901,0.33707926749699013,0.7691103460732214,0.0014288161057488594,0.902112790508695,0.948016013595694,0.5437193102660729,0.02325812783064789,0.020249793461221088,0.01479475691268353,0.08693474004980462,0.08693474004980462,0.014794756912683508,0.00752831438370666,0.9344222330570453,0.9659378732337595,0.531463400708005,0.010745250940886634,0.010128652207864795,0.007078923389727313,0.04104977549471333,0.041049775494713336,0.007078923389727302,0.0014048748973691952
"[['hisp', 'MSG'], ['white', 'LGAFFS'], ['white', 'LGAFFS'], ['black', 'DIR'], ['hisp', 'DIR'], ['black', 'DIR']]",0.5587518283764018,0.7060734004546931,0.5602432339842413,2.158510944808098,0.7166467552718985,0.679882967070685,1.908155319565691,1.9081553195656915,0.679882967070685,0.0021580632703484624,0.9488054607508533,0.9737302977232924,0.5,0.0,0.0,0.0,0.0,0.0,0.0,0.0,0.08532423208191127,0.07495069033530571,0.4909558067831449,430776.59570636164,1.0623708601487776,1.0732407251052025,1.0286023090495675,1.0286023090495675,1.0732407251052025,0.00017662716288043467,0.8844466114090688,0.9376807783328951,0.6057382665296334,0.04655669924562127,0.03808395845184766,0.02916884062649621,0.18437979918803818,0.18437979918803815,0.02916884062649614,0.01625524582277551,0.9405168210628961,0.9690669371196755,0.57672147995889,0.018301375541641473,0.01729993297961565,0.009078998289270158,0.06412906599054714,0.0641290659905472,0.009078998289270142,0.0023155670496599733,0.9074922801885262,0.944043051479354,0.5126167637318716,0.499802292660649,0.08134013985385272,0.08017015126872627,0.2077617938063613,0.20776179380636134,0.08017015126872629,0.0004854213827444236,0.9482041280676096,0.9734106682705632,0.4996831106543337,6.436886215625184e-05,6.254435822826907e-05,6.83613417219714e-05,0.0,0.0,6.83613417219714e-05,4.4022522027925135e-07,0.5009913863156183,0.5609135589035673,0.5769567203380153,21287.148054140973,0.5987535369916904,0.6612325139296041,0.37779360896274905,0.37779360896274905,0.661232513929604,0.0017667470720422506,0.9057045343734764,0.9500559423664224,0.5295443645083934,0.018771934989145363,0.01660934078243718,0.013261699917912689,0.07305681270859085,0.07305681270859089,0.013261699917912668,0.006310977191077301,0.9366162847391517,0.9671494172841847,0.5231591869361654,0.007992259057432284,0.007604012899929793,0.006117881208691319,0.030407022513027803,0.030407022513027796,0.006117881208691308,0.001062008125906034
"[['white', 'LGAFFS']]",0.9488054607508533,0.9737302977232924,0.5,0.0,0.0,0.0,0.0,0.0,0.0,0.0,0.9488054607508533,0.9737302977232924,0.5,0.0,0.0,0.0,0.0,0.0,0.0,0.0,0.3461725987323257,0.47760031164783795,0.6194073312778349,4.886432653794121,0.4928875977269152,0.715020130520911,0.07182572940781032,0.07182572940781029,0.7150201305209107,0.004973189095476905,0.9390541199414919,0.9685059208868733,0.5128811236724905,0.01584188564742782,0.015252431626609313,0.013064028450562712,0.05623967958475192,0.05623967958475192,0.013064028450562664,0.0006514893034912384,0.9424670892247684,0.9703069954705587,0.5191846522781776,0.011978807098532013,0.011639781382045198,0.010801864835600247,0.03027289240832529,0.03027289240832522,0.010801864835600207,0.00047581302708660656,0.9226393629124007,0.9546858418777597,0.5094866963572,0.3596096406730768,0.05511491461152592,0.05448029956562303,0.1321262792681725,0.1321262792681725,0.05448029956562304,0.00033446375245847065,0.9488054607508535,0.9737302977232926,0.5,0.0,0.0,0.0,0.0,0.0,0.0,0.0,0.5402730375426621,0.608383680794197,0.6003602832020097,45178.35439142179,0.4836882868737987,0.5180967190771952,0.37471700912860784,0.3747170091286079,0.5180967190771952,0.0020606167764883323,0.901885259223143,0.9479604846660284,0.5287330135891286,0.017113350127642816,0.015096362803964853,0.01224154291891338,0.0722485444992422,0.07224854449924223,0.012241542918913361,0.006449274824478465,0.9366975459125632,0.9672046350753345,0.5198983670206692,0.005652624036023556,0.0053956209475859605,0.004736646510956908,0.019566587362866053,0.019566587362866046,0.0047366465109568955,0.0010646521185790308
"[['asian', 'MSG']]",0.9488054607508533,0.9737302977232924,0.5,0.0,0.0,0.0,0.0,0.0,0.0,0.0,0.9488054607508533,0.9737302977232924,0.5,0.0,0.0,0.0,0.0,0.0,0.0,0.0,0.6352998537298878,0.7638888888888888,0.7537512846865364,0.4390027827533584,0.1543704717167677,0.11989016167663291,0.018969309267921203,0.0189693092679212,0.11989016167663273,0.0015407002259332694,0.9000487567040468,0.9470967741935484,0.5238609112709832,0.012217999126268204,0.010787229777585396,0.013304204339618994,0.044067729901806504,0.044067729901806484,0.013304204339618977,0.009107986867940813,0.9380789858605558,0.9679858835391983,0.5123672490578965,0.0008754429975072443,0.0008508782391540308,0.0012181811874361203,0.005837703269571968,0.005837703269571967,0.0012181811874361285,0.0007669163562484615,0.9329432797009588,0.9648132311088737,0.5296328651364622,0.015322541683912916,0.012363411758528333,0.011639027828960192,0.15553020940352286,0.15553020940352288,0.011639027828960197,0.0005566418993316394,0.9488054607508535,0.9737302977232926,0.5,0.0,0.0,0.0,0.0,0.0,0.0,0.0,0.5587030716723551,0.6088974533963027,0.5473033002169694,6864.943216754304,0.4678532256366772,0.5013190221902596,0.47306561734761154,0.4730656173476116,0.5013190221902595,0.0019812362452180216,0.9036079960994634,0.948926073798822,0.537149137832591,0.017726561727717364,0.01536775017786539,0.011404848901449955,0.049394183700606525,0.04939418370060655,0.011404848901449941,0.0066547226520801365,0.9344384852917273,0.965958586265189,0.5280181569030489,0.009309073734245759,0.008808183908424702,0.006873753047621464,0.020236127337344905,0.02023612733734489,0.006873753047621453,0.001205955609784259
"[['white', 'LGAFFS']]",0.9488054607508533,0.9737302977232924,0.5,0.0,0.0,0.0,0.0,0.0,0.0,0.0,0.9488054607508533,0.9737302977232924,0.5,0.0,0.0,0.0,0.0,0.0,0.0,0.0,0.3461725987323257,0.47760031164783795,0.6194073312778349,4.886432653794121,0.4928875977269152,0.715020130520911,0.07182572940781032,0.07182572940781029,0.7150201305209107,0.004973189095476905,0.9390541199414919,0.9685059208868733,0.5128811236724905,0.01584188564742782,0.015252431626609313,0.013064028450562712,0.05623967958475192,0.05623967958475192,0.013064028450562664,0.0006514893034912384,0.9424670892247684,0.9703069954705587,0.5191846522781776,0.011978807098532013,0.011639781382045198,0.010801864835600247,0.03027289240832529,0.03027289240832522,0.010801864835600207,0.00047581302708660656,0.9263123679505935,0.9593907755725558,0.5180295763389289,0.1050989375606686,0.039811637695447495,0.0379491111404716,0.16207492791618536,0.16207492791618539,0.0379491111404716,0.0005225446951201307,0.9488054607508535,0.9737302977232926,0.5,0.0,0.0,0.0,0.0,0.0,0.0,0.0,0.5588818462538598,0.6140850219432149,0.547848007308439,5908.410464466394,0.41676261998471864,0.4905811435250875,0.2763214760597129,0.27632147605971297,0.4905811435250874,0.0021460213496729457,0.908467414269462,0.9516014757324032,0.5288980244375928,0.014348112603661723,0.012776689155350908,0.010011412098819244,0.061277695740565505,0.06127769574056551,0.010011412098819226,0.005108443011705049,0.935559889484804,0.9665785967209322,0.5238038140915838,0.007687762275582059,0.007351268667793148,0.006403298265716797,0.025383763910543772,0.02538376391054375,0.006403298265716779,0.0010331390364105603
"[['white', 'LGAFFS'], ['white', 'LGAFFS'], ['asian', 'LGAFFS'], ['other', 'MSG'], ['hisp', 'DIR'], ['hisp', 'LGAFFS']]",0.9492930277913213,0.973973973973974,0.5047619047619047,0.0001702459729206128,0.00017018927598376222,0.0,0.02857228636248801,0.028572286362487972,0.0,5.282702643350294e-07,0.9488054607508533,0.9737302977232924,0.5,0.0,0.0,0.0,0.0,0.0,0.0,0.0,0.4617259873232569,0.615866388308977,0.5226276121959574,4.509717170515094,0.4373488721090768,0.40704514770184186,0.7663257443028171,0.7663257443028173,0.40704514770184175,0.01599523119866981,0.8537298878595807,0.9207606973058637,0.4859369647139431,0.06386290930295216,0.05114683380849648,0.05629425837826012,0.22046377924163413,0.22046377924163402,0.05629425837826018,0.00883233544401076,0.9449049244271087,0.9716436637390213,0.5069544364508394,0.003100119599507796,0.003057985554777199,0.0010368734040996995,0.2531940375393209,0.2531940375393209,0.001036873404099693,0.0001475722983420038,0.9450674467739316,0.9715653129139769,0.5052380952380953,0.0045311942304338835,0.0032641115038074564,0.0026173763481136827,0.04380171794094197,0.04380171794094198,0.002617376348113683,0.00012076258242699966,0.9479440923126933,0.9732705927349502,0.49954607742377527,0.0001337625868161673,0.00012833243408561477,0.00014026808538861784,0.0,0.0,0.00014026808538861757,3.962026982513082e-06,0.5817162359824477,0.6747865856083666,0.5878120360854173,421.3941427297622,0.33462440704946383,0.428095692423191,0.2164505343417333,0.2164505343417333,0.42809569242319095,0.003451354281133481,0.9177311880383552,0.9567667188267699,0.51861310951239,0.01447753792138812,0.013207997449384567,0.011771975434834886,0.07809843993537809,0.07809843993537809,0.011771975434834865,0.0032245000619705046,0.938095238095238,0.9679649392444372,0.5174814434166952,0.007129677902766021,0.006890521768001859,0.006315222761015663,0.03707721875825563,0.0370772187582556,0.006315222761015639,0.0006987985470137675
"[['black', 'LGAFFS'], ['white', 'LGAFFS'], ['white', 'LGAFFS'], ['other', 'MSG'], ['hisp', 'REW'], ['black', 'LGAFFS'], ['black', 'REW']]",0.9488054607508533,0.9737302977232924,0.5,0.0,0.0,0.0,0.0,0.0,0.0,0.0,0.9488054607508533,0.9737302977232924,0.5,0.0,0.0,0.0,0.0,0.0,0.0,0.0,0.08776206728425158,0.07968519429414658,0.49224049331963005,60273.6463154053,1.0659125194670578,1.0804224451830813,1.0286023090495675,1.0286023090495675,1.0804224451830813,0.00023111824064660065,0.9341784495368113,0.96569250317662,0.5643713600548133,0.009135339788709123,0.008599894015517513,0.01191609113295597,0.0976176658222414,0.09761766582224153,0.011916091132955966,0.002908814556508267,0.9424670892247684,0.9702471003530005,0.5372045220966085,0.002314885056222674,0.002245894661601532,0.0031002362213227563,0.027592774274435038,0.027592774274435062,0.003100236221322738,0.0012021054000076969,0.9437997724687146,0.9709453023300172,0.510426515930113,0.00448989530000774,0.0038268430109835816,0.0038525240710931253,0.04669610033268874,0.04669610033268875,0.003852524071093128,0.0001835078830734,0.9488054607508535,0.9737302977232926,0.5,0.0,0.0,0.0,0.0,0.0,0.0,0.0,0.46981960019502667,0.5098611769850571,0.5455133036428,4358.465099697397,0.5255160897731673,0.5853952497307949,0.3989070658268733,0.39890706582687335,0.5853952497307948,0.0013856238484863841,0.9149032992036404,0.9551254641207848,0.5390470480758249,0.013313132490457133,0.011800382241969973,0.00976176339864108,0.06291133783525336,0.06291133783525338,0.00976176339864106,0.004659721444674427,0.9342597107102226,0.9658295445571573,0.5282242777206807,0.007904098044439211,0.00746944938927559,0.006185643129615354,0.031434314793886003,0.03143431479388599,0.006185643129615339,0.0011592943777859821
"[['hisp', 'LGAFFS']]",0.9478303266699171,0.9732031054345104,0.5039910928400136,0.0006324426517750893,0.00063053979908428,0.0008179472181806065,0.0007989234129279329,0.0007989234129279353,0.0008179472181806079,1.1199329603904283e-05,0.9488054607508533,0.9737302977232924,0.5,0.0,0.0,0.0,0.0,0.0,0.0,0.0,0.09263773768893223,0.08460403344810624,0.5173347036656389,3009.0612762023266,0.6671750005891208,0.7947535692515643,0.02857228636248801,0.028572286362487972,0.794753569251564,0.0002632898997446063,0.8673817649926865,0.928194297782471,0.5516957862281603,0.03285138081672273,0.02631066546099923,0.016986396679317048,0.13071578748905663,0.13071578748905663,0.016986396679317003,0.01651356998203538,0.9410043881033642,0.9694367264460723,0.5454436450839328,0.009786412051650633,0.009341471071495371,0.005764638685203861,0.0642989463137597,0.0642989463137597,0.0057646386852038154,0.0013280450310251815,0.9454575004063062,0.9718674783197602,0.5070954664839556,0.003014222938308121,0.0025721248375217575,0.0025954811273650176,0.03115736433555676,0.031157364335556766,0.0025954811273650193,0.00012255694042485852,0.9477003087924593,0.9731374882915009,0.499567774351947,0.0002365422872586262,0.0002238622025701363,0.00023774167124784938,2.66307804309311e-05,2.6630780430931178e-05,0.00023774167124784938,8.139764322963022e-06,0.6270437185112953,0.6546294424088835,0.5235514445586389,2020.021213995919,0.35115749357834664,0.38402131662180655,0.2768466056214768,0.27684660562147684,0.3840213166218065,0.000765497070138276,0.9142532098163498,0.9547881028858695,0.5323975105629781,0.011330071796925256,0.009938842116008269,0.008909448536824889,0.04803468673530534,0.04803468673530533,0.008909448536824878,0.004176721300641542,0.9367300503819276,0.967183053699027,0.5218676487381525,0.005688274766572892,0.005354499913506671,0.004424817828115835,0.023053627190381662,0.023053627190381645,0.004424817828115821,0.0008474044941729889
"[['hisp', 'REW'], ['asian', 'LGAFFS'], ['black', 'LGAFFS'], ['white', 'MSG'], ['black', 'MSG'], ['black', 'LGAFFS'], ['black', 'MSG'], ['hisp', 'MSG'], ['black', 'DIR']]",0.9488054607508533,0.9737302977232924,0.5,0.0,0.0,0.0,0.0,0.0,0.0,0.0,0.9488054607508533,0.9737302977232924,0.5,0.0,0.0,0.0,0.0,0.0,0.0,0.0,0.9488054607508533,0.9737302977232924,0.5,0.0,0.0,0.0,0.0,0.0,0.0,0.0,0.9439297903461726,0.9711272909866935,0.5064405618362453,0.010817055277023816,0.010585411363688922,0.011850269545358196,0.008415662213091358,0.008415662213091353,0.011850269545358208,0.00014387440649165842,0.9483178937103852,0.9734734734734735,0.49974306269270297,0.00012563184748368297,0.00012557515618696893,0.00016593010332241183,0.0,0.0,0.00016593010332241115,7.924053965025441e-07,0.9442873395091828,0.9712415428700762,0.5087313006737467,0.002810625310464527,0.0024813782944034793,0.002236391544712503,0.033647666690165196,0.033647666690165196,0.002236391544712504,0.00026259522434700453,0.9465789045993825,0.9725468850676313,0.4988266529633435,0.00023709102424613132,0.00022966434537144463,0.0002510244447307157,0.0,0.0,0.0002510244447307156,4.7808458922325276e-06,0.5336421257922963,0.5706991908887314,0.5192303300216969,130561.5219531474,0.5816964673315894,0.6385446203327321,0.43264757043947843,0.43264757043947843,0.638544620332732,0.0009986755648157817,0.9105477003087926,0.9526924153699731,0.5335982642457463,0.016103719013942867,0.014221368160330195,0.011087917039854253,0.07514471004161656,0.07514471004161656,0.011087917039854237,0.0042139590715745195,0.9336421257922966,0.9655142996081143,0.5230935251798562,0.008481560603266056,0.007954920505720924,0.006078749268329193,0.032089307417046596,0.03208930741704659,0.006078749268329177,0.0010161287338989707
"[['white', 'LGAFFS']]",0.9488054607508533,0.9737302977232924,0.5,0.0,0.0,0.0,0.0,0.0,0.0,0.0,0.9488054607508533,0.9737302977232924,0.5,0.0,0.0,0.0,0.0,0.0,0.0,0.0,0.3461725987323257,0.47760031164783795,0.6194073312778349,4.886432653794121,0.4928875977269152,0.715020130520911,0.07182572940781032,0.07182572940781029,0.7150201305209107,0.004973189095476905,0.9390541199414919,0.9685059208868733,0.5128811236724905,0.01584188564742782,0.015252431626609313,0.013064028450562712,0.05623967958475192,0.05623967958475192,0.013064028450562664,0.0006514893034912384,0.9424670892247684,0.9703069954705587,0.5191846522781776,0.011978807098532013,0.011639781382045198,0.010801864835600247,0.03027289240832529,0.03027289240832522,0.010801864835600207,0.00047581302708660656,0.947700308792459,0.9731207465403888,0.503622245061094,0.000539312897962153,0.0004976585507707423,0.00038136974667207264,0.013596911774871063,0.013596911774871061,0.000381369746672072,5.287192940597681e-05,0.9488054607508535,0.9737302977232926,0.5,0.0,0.0,0.0,0.0,0.0,0.0,0.0,0.6107264748902973,0.6440423398382978,0.5214097293593697,18190.805387894605,0.4228921601351454,0.4731449274788344,0.2638131144147881,0.2638131144147882,0.4731449274788343,0.0008544824352646398,0.9165447749065496,0.9560773425607659,0.5280489893799246,0.013943803131572011,0.012470016234883884,0.010718924043104443,0.06984721310191314,0.06984721310191316,0.01071892404310443,0.004132778019153264,0.9377701934015927,0.9677605716043266,0.5228662784058468,0.005570237339378487,0.005268513209386121,0.004653846856495721,0.03014055671718371,0.030140556717183704,0.004653846856495703,0.0009089198055539288
"[['hisp', 'LGAFFS'], ['white', 'LGAFFS'], ['other', 'MSG'], ['other', 'MSG'], ['hisp', 'REW'], ['black', 'LGAFFS'], ['black', 'REW']]",0.9488054607508533,0.9737302977232924,0.5,0.0,0.0,0.0,0.0,0.0,0.0,0.0,0.9488054607508533,0.9737302977232924,0.5,0.0,0.0,0.0,0.0,0.0,0.0,0.0,0.08776206728425158,0.07968519429414658,0.49224049331963005,60273.6463154053,1.0659125194670578,1.0804224451830813,1.0286023090495675,1.0286023090495675,1.0804224451830813,0.00023111824064660065,0.9327157484154072,0.9649568308786186,0.550085645769099,0.00247589915802253,0.0023311183595408564,0.002853095327683553,0.054151349769076484,0.05415134976907644,0.0028530953276835304,0.0031321672242691284,0.9405168210628961,0.9691919191919192,0.5406817403220281,0.001733764343991937,0.0016716163550411355,0.0028840307135332022,0.057392182322257394,0.057392182322257346,0.0028840307135331836,0.0016101149386668957,0.9487241995774421,0.9736865777823422,0.500257508279091,4.449761184412863e-05,4.433532406707745e-05,5.842241642638156e-05,5.32615608618622e-05,5.3261560861862355e-05,5.842241642638143e-05,1.3400455705300025e-06,0.9470014627011217,0.972762457648757,0.4991994975448213,0.00039572014093317844,0.00037120008079231714,0.00039718488828090616,2.66307804309311e-05,2.6630780430931178e-05,0.0003971848882809055,9.305480706262371e-06,0.6970908499918739,0.7333889594857673,0.5239745346579878,4585.244135018041,0.29408123851747453,0.34089895454777835,0.15134154114043877,0.15134154114043874,0.34089895454777824,0.0008137061340110555,0.9212741751990898,0.9586938497534746,0.5192788626241864,0.017925299662804484,0.016590141533470888,0.01652662202782824,0.050498732795875335,0.050498732795875335,0.01652662202782824,0.0030797020629666967,0.940386803185438,0.9691891689032782,0.5152352403791253,0.004569900945980585,0.004372538938910944,0.004023352723155158,0.023508626921164014,0.023508626921163997,0.004023352723155145,0.000643114458900648
"[['white', 'LGAFFS'], ['asian', 'LGAFFS'], ['asian', 'LGAFFS'], ['white', 'MSG'], ['black', 'MSG'], ['white', 'LGAFFS'], ['black', 'MSG'], ['hisp', 'REW'], ['black', 'DIR']]",0.9488054607508533,0.9737302977232924,0.5,0.0,0.0,0.0,0.0,0.0,0.0,0.0,0.9488054607508533,0.9737302977232924,0.5,0.0,0.0,0.0,0.0,0.0,0.0,0.0,0.9488054607508533,0.9737302977232924,0.5,0.0,0.0,0.0,0.0,0.0,0.0,0.0,0.9439297903461726,0.9711272909866935,0.5064405618362453,0.010817055277023816,0.010585411363688922,0.011850269545358196,0.008415662213091358,0.008415662213091353,0.011850269545358208,0.0001353428417226461,0.9483178937103852,0.9734734734734735,0.49974306269270297,0.00012563184748368297,0.00012557515618696893,0.00016593010332241183,0.0,0.0,0.00016593010332241115,7.924053965025441e-07,0.9487567040468067,0.9737032741059516,0.5004248030147311,4.6306306344361086e-05,4.619197888392883e-05,3.7913085439345866e-05,0.0010056711062781292,0.001005671106278128,3.7913085439345785e-05,1.2255870132573576e-06,0.9486591906387131,0.9736530958901223,0.49992291880781087,3.7262751962794366e-06,3.7005792669757427e-06,4.044754331248853e-06,0.0,0.0,4.044754331248813e-06,6.339243172021075e-07,0.7456037705184463,0.7866416282260613,0.5189060180427086,1998.4639754860777,0.2102137163019799,0.22991527710574317,0.17349530710987945,0.17349530710987943,0.22991527710574314,0.0019028796778100792,0.9136518771331057,0.9545438176225512,0.5163132351261848,0.02144440906045677,0.01960196525594797,0.020499126101542413,0.05039575942042422,0.05039575942042424,0.02049912610154241,0.00332563388227569,0.9404680643588493,0.9692460579060804,0.5092714399908644,0.004354804144123355,0.004171782299789728,0.0038358579157112987,0.015613305052108773,0.015613305052108763,0.00383585791571129,0.0004973136268450468
"[['white', 'LGAFFS'], ['asian', 'LGAFFS'], ['asian', 'LGAFFS'], ['white', 'MSG'], ['black', 'MSG'], ['black', 'LGAFFS'], ['black', 'MSG'], ['hisp', 'MSG'], ['black', 'DIR']]",0.9488054607508533,0.9737302977232924,0.5,0.0,0.0,0.0,0.0,0.0,0.0,0.0,0.9488054607508533,0.9737302977232924,0.5,0.0,0.0,0.0,0.0,0.0,0.0,0.0,0.9488054607508533,0.9737302977232924,0.5,0.0,0.0,0.0,0.0,0.0,0.0,0.0,0.9410043881033642,0.969605626726953,0.4958890030832477,0.0005062226172105581,0.0004987831659043431,0.000848081699448803,0.0,0.0,0.0008480816994487973,0.00022425072721024228,0.9478303266699171,0.9732165206508135,0.499486125385406,0.00011413510766619163,0.00011398507568171743,0.0001516137552766253,0.0,0.0,0.00015161375527662243,7.6599188328593e-06,0.9487729562814889,0.9737122734003243,0.5002832020098207,2.9091055882312744e-05,2.899030663039352e-05,3.1157509153694676e-05,0.000979040325847198,0.000979040325847197,3.11575091536945e-05,9.843435925443605e-07,0.9462213554363728,0.9723405311596858,0.49878839785314605,0.0006498833290441709,0.0006031030481894624,0.0006488584911141679,2.66307804309311e-05,2.6630780430931178e-05,0.0006488584911141672,8.557978282228271e-06,0.8287014464488868,0.8600840960003336,0.5153945415096495,837.8341332164127,0.13219987844776382,0.1352774966269356,0.13423278833714292,0.13423278833714294,0.13527749662693564,0.0010355241766540344,0.9168210628961483,0.9562897484861133,0.5179833276236154,0.011494360092411894,0.010394026545709274,0.011768623993175378,0.04552836510133771,0.04552836510133773,0.011768623993175365,0.002755010429947985,0.9432797009588819,0.970761229847884,0.5082002969053329,0.002076174859455083,0.0019875770317001494,0.002017700435468194,0.010401088708397507,0.010401088708397503,0.002017700435468189,0.00037264800761505057
"[['white', 'LGAFFS'], ['white', 'LGAFFS'], ['asian', 'LGAFFS'], ['black', 'REW'], ['black', 'LGAFFS'], ['white', 'LGAFFS'], ['black', 'MSG']]",0.9488054607508533,0.9737302977232924,0.5,0.0,0.0,0.0,0.0,0.0,0.0,0.0,0.9488054607508533,0.9737302977232924,0.5,0.0,0.0,0.0,0.0,0.0,0.0,0.0,0.9478303266699171,0.97313582726588,0.5265159301130524,0.010814890039536215,0.010591504312840618,0.005042063101045742,0.12350071500728461,0.12350071500728457,0.005042063101045738,4.080887791988417e-05,0.9200390053632375,0.9582272032603159,0.5118705035971223,0.01760337347170426,0.01634866189066616,0.024157904523127827,0.01684115105526108,0.01684115105526109,0.024157904523127813,0.002567050108996677,0.947342759629449,0.9729594391587381,0.49922918807810895,0.00018319800813939446,0.00018251279426607076,0.0002681574918964908,0.0,0.0,0.00026815749189648474,2.0998743007319693e-05,0.9485941816999841,0.9736156892761886,0.5007896539910929,0.00017255284976635133,0.00016875112963788948,9.904003561032887e-05,0.001956498905378917,0.0019564989053789178,9.904003561032846e-05,6.563758034363438e-06,0.9411506582155048,0.9695954458052843,0.49656674660271777,0.0023380337987047787,0.002157894574284741,0.002317244749896334,0.0001065231217237244,0.00010652312172372471,0.0023172447498963317,1.697508449396715e-05,0.8864293840403057,0.9114516964558635,0.521038597693274,255.91673356528807,0.08254909835311333,0.08251796278841277,0.09397213077104,0.09397213077104001,0.08251796278841277,0.0002622562509273892,0.9137493905411993,0.9545912320825131,0.5171154504967455,0.012726021307043197,0.011576459537879233,0.013027798166799776,0.048038564790869195,0.048038564790869216,0.013027798166799763,0.0029584842876619294,0.9419957744189825,0.9700731529913165,0.5073735297476305,0.0019098048276626812,0.0018246200462191532,0.00186206077621029,0.009622322401362625,0.009622322401362614,0.0018620607762102823,0.0003633592554671593
"[['white', 'LGAFFS'], ['other', 'DIR'], ['black', 'LGAFFS'], ['other', 'DIR'], ['hisp', 'REW'], ['white', 'LGAFFS'], ['other', 'DIR']]",0.931740614334471,0.9644308943089431,0.549571771154505,0.012463915841245813,0.011773579302173882,0.00964323265839465,0.06395652650395545,0.06395652650395546,0.009643232658394622,0.0007233604729540253,0.9488054607508533,0.9737302977232924,0.5,0.0,0.0,0.0,0.0,0.0,0.0,0.0,0.08434909800097513,0.07213438735177866,0.49494689962315863,5.0,1.0354315550851965,1.0720308341829052,0.7143071590621995,0.7143071590621998,1.0720308341829055,0.00019664860589873332,0.9195514383227694,0.9575726407816919,0.5927029804727646,0.07078530988470019,0.06252678767313587,0.041590452550982385,0.2083242606113452,0.20832426061134546,0.04159045255098228,0.004981139562955134,0.9302779132130667,0.9636224879165607,0.5533059266872216,0.036445839856716296,0.03360480548758272,0.0224703348839031,0.10634955470150695,0.10634955470150698,0.022470334883903046,0.0021306460436294685,0.9478140744352351,0.9731901024640734,0.503532031517643,0.0006575259919002367,0.0006288272159092208,0.00044162688084944235,0.006356332390609883,0.006356332390609885,0.00044162688084944105,3.724833633826664e-05,0.9446936453762395,0.9714945390676107,0.49798332762361547,0.001643645434668208,0.0014510382481285893,0.0015693646805245546,2.66307804309311e-05,2.6630780430931178e-05,0.0015693646805245555,1.6742645577659774e-05,0.8555988948480416,0.8800641777082424,0.5175556697499144,259.86854454483193,0.11039935115026162,0.11356044968893314,0.14605574931307752,0.14605574931307755,0.11356044968893315,0.00024411016734747932,0.9194701771493582,0.9578151997351436,0.512922233641658,0.012929149810526081,0.011925450768119876,0.011449883031063405,0.045100751932765665,0.04510075193276567,0.011449883031063401,0.0027392257144496553,0.9420607833577119,0.9701076464784477,0.5084589471280119,0.0036992767932362463,0.0034670912161679163,0.0027572705899834393,0.013327412192096858,0.013327412192096846,0.0027572705899834337,0.00048101120648766604
"[['white', 'LGAFFS'], ['asian', 'LGAFFS'], ['white', 'LGAFFS'], ['black', 'REW'], ['asian', 'LGAFFS'], ['white', 'LGAFFS'], ['black', 'MSG']]",0.9488054607508533,0.9737302977232924,0.5,0.0,0.0,0.0,0.0,0.0,0.0,0.0,0.9488054607508533,0.9737302977232924,0.5,0.0,0.0,0.0,0.0,0.0,0.0,0.0,0.9492930277913213,0.973973973973974,0.5047619047619047,0.0001702459729206128,0.00017018927598376222,0.0,0.02857228636248801,0.028572286362487972,0.0,5.282702643350294e-07,0.9434422233057045,0.9708542713567839,0.5106885919835561,0.015141490220046943,0.014730880581782322,0.01619538097968452,0.013123673272491145,0.013123673272491117,0.016195380979684537,0.00017131804672386832,0.9478303266699171,0.9732165206508135,0.499486125385406,0.000248159455706826,0.00024749287882799636,0.0003305179791772394,0.0,0.0,0.0003305179791772369,4.754432379015265e-06,0.9487729562814888,0.973711843607427,0.500433367591641,0.00014767336310580632,0.0001474973725192597,8.717333361091994e-05,0.002857228636248801,0.0028572286362487974,8.717333361091973e-05,1.0662254835163276e-06,0.945571266049082,0.9719629972192491,0.49844581477675004,0.0015059629397223579,0.001318457000810521,0.0014244526179408004,2.66307804309311e-05,2.6630780430931178e-05,0.0014244526179407998,1.5377947394794165e-05,0.825808548675443,0.8649031438131238,0.5264839556925889,3489.1309718860084,0.09035891677365229,0.08353716325574924,0.15862254763070954,0.15862254763070954,0.0835371632557492,0.002034205024172459,0.9082561352185924,0.9513817904517573,0.5197767500285485,0.02183568348202917,0.01980447608236339,0.018679949367834497,0.06936078729017135,0.06936078729017134,0.018679949367834504,0.0036600254377980395,0.9388590931253049,0.9683918316587494,0.5084235468767843,0.004310740701809478,0.004179200420145287,0.0038381917345059586,0.01944756892299477,0.019447568922994762,0.003838191734505958,0.0005147544696220695
"[['white', 'LGAFFS'], ['white', 'LGAFFS'], ['black', 'REW'], ['other', 'DIR'], ['black', 'MSG'], ['hisp', 'MSG'], ['black', 'MSG']]",0.9488054607508533,0.9737302977232924,0.5,0.0,0.0,0.0,0.0,0.0,0.0,0.0,0.9488054607508533,0.9737302977232924,0.5,0.0,0.0,0.0,0.0,0.0,0.0,0.0,0.9497805948317893,0.9742177722152691,0.5095238095238095,0.00031802330227087897,0.000317567809472873,0.0,0.008415662213091358,0.008415662213091353,0.0,4.754432379015265e-06,0.9146757679180887,0.9550244153173991,0.563103802672148,0.005205584950391031,0.00468236523896511,0.0031512963217182445,0.07386062259260295,0.07386062259260301,0.003151296321718225,0.0035280265468486316,0.9375914188200878,0.9676113360323887,0.5436450839328537,0.0016820960717830746,0.0016095581146119517,0.0023807505077331147,0.03267950661263696,0.03267950661263692,0.002380750507733098,0.0013528473199357122,0.9475215342109542,0.9730176307517394,0.5038283658787256,0.0005037652115208281,0.00045770577553708164,0.00027339716514839803,0.013363892898399019,0.013363892898399015,0.0002733971651483982,5.500966307565269e-05,0.9468226881196168,0.9726750708324471,0.4989551216169922,0.00024160229055232089,0.00023363904162115873,0.00025536881049390925,0.0,0.0,0.0002553688104939088,5.238680121322995e-06,0.8591418820087762,0.9007318302810161,0.5509575196985269,150.55586972103612,0.12225723653330776,0.11487099026461757,0.22905541826663445,0.22905541826663445,0.11487099026461754,0.0020603764135180606,0.9032341947017717,0.9486845006848553,0.5225362567089186,0.02295336777118346,0.018734361425963176,0.017818950944000832,0.06669146413545785,0.06669146413545786,0.017818950944000825,0.003936051933615761,0.939655452624736,0.968807558473981,0.5124471851090556,0.004508693991703128,0.004236013096518827,0.00367762411587073,0.017193838635761176,0.017193838635761165,0.003677624115870725,0.0005955956681732669
"[['hisp', 'MSG'], ['asian', 'LGAFFS'], ['hisp', 'REW'], ['black', 'REW'], ['hisp', 'REW'], ['white', 'DIR'], ['black', 'MSG']]",0.9488054607508533,0.9737302977232924,0.5,0.0,0.0,0.0,0.0,0.0,0.0,0.0,0.9488054607508533,0.9737302977232924,0.5,0.0,0.0,0.0,0.0,0.0,0.0,0.0,0.9488054607508533,0.9737171464330413,0.5045049674546077,0.000681212732752674,0.0006807571039350425,0.0002011692314098141,0.02857228636248801,0.028572286362487972,0.0002011692314098167,3.1696215860101765e-06,0.9229644076060458,0.9598168870803663,0.5134121274409045,0.0017106490783576715,0.0016032121202454609,0.002412717527327381,0.028761242865405656,0.02876124286540567,0.0024127175273273745,0.0016928420620617693,0.9478303266699171,0.9732165206508135,0.499486125385406,0.00011413510766619163,0.00011398507568171743,0.0001516137552766253,0.0,0.0,0.00015161375527662243,7.6599188328593e-06,0.9488217129855357,0.9737384202649818,0.5001587301587301,5.674865764020427e-06,5.6729758661254075e-06,0.0,0.000952409545416267,0.0009524095454162657,0.0,1.7609008811167645e-08,0.9435397367137984,0.9708561342265664,0.4975254082448327,0.0023764601088394426,0.0021094531207284887,0.002277803252385952,5.32615608618622e-05,5.3261560861862355e-05,0.002277803252385948,3.018888470586863e-05,0.8123191938891597,0.8558771764963077,0.5360437364394197,8.275582804205289,0.21639733489159169,0.21446197578829373,0.2783771980775658,0.2783771980775658,0.21446197578829376,0.0015495690032210133,0.9119778969608319,0.9535827730668589,0.520686879068174,0.013472432539787329,0.01219314324057486,0.0113383948062907,0.07131773503191942,0.07131773503191942,0.011338394806290699,0.0037269123773168234,0.9370225906062084,0.9673872130729982,0.5094079022496288,0.003234725441838679,0.0030416716273755505,0.002788204580952982,0.027734487606732135,0.027734487606732142,0.0027882045809529766,0.0007031365263344004
"[['white', 'LGAFFS'], ['asian', 'LGAFFS'], ['hisp', 'REW'], ['black', 'REW'], ['hisp', 'REW'], ['white', 'LGAFFS'], ['black', 'REW']]",0.9488054607508533,0.9737302977232924,0.5,0.0,0.0,0.0,0.0,0.0,0.0,0.0,0.9488054607508533,0.9737302977232924,0.5,0.0,0.0,0.0,0.0,0.0,0.0,0.0,0.5460750853242321,0.695253682487725,0.549057896539911,3.897640882634932,0.5819157617960595,0.5593130642035924,0.6986973007376135,0.6986973007376136,0.5593130642035924,0.01941527930348834,0.9024865919063871,0.9483471074380165,0.5431654676258992,0.036783547120672416,0.03202639773432148,0.029216290790244095,0.04079730045334338,0.040797300453343385,0.029216290790244067,0.0061970064033487725,0.9405168210628961,0.9692230070635721,0.5316718054128126,0.0307124953999887,0.029023423223401894,0.02023066791941649,0.09779805224958579,0.09779805224958577,0.020230667919416467,0.00026373892946929104,0.9488217129855357,0.9737384202649818,0.5001587301587301,5.674865764020427e-06,5.6729758661254075e-06,0.0,0.000952409545416267,0.0009524095454162657,0.0,1.7609008811167645e-08,0.9442385828051358,0.9712610482762385,0.4977435194701382,0.0015041324666489853,0.0013528445622052168,0.0014654567899074732,2.66307804309311e-05,2.6630780430931178e-05,0.0014654567899074755,2.0867555891676158e-05,0.8504956931578093,0.8941312695469658,0.5603665638917437,172.99167771763186,0.10219795556455913,0.08856235719182409,0.1453937026079243,0.14539370260792434,0.08856235719182406,0.0022587744744421846,0.9072322444336097,0.9510053517002527,0.5147322142286171,0.009829909399550989,0.008839420634251945,0.009725199388041532,0.030256175205451204,0.030256175205451187,0.009725199388041533,0.004558044386447412,0.9386315618397529,0.9682715281290487,0.5086039739636863,0.0026571480241197277,0.002544921727609749,0.0024126411642340336,0.01309886036566709,0.013098860365667086,0.0024126411642340284,0.000546767647640776
"[['asian', 'MSG'], ['white', 'MSG'], ['white', 'REW'], ['white', 'MSG'], ['black', 'LGAFFS'], ['black', 'LGAFFS'], ['black', 'MSG']]",0.9488054607508533,0.9737302977232924,0.5,0.0,0.0,0.0,0.0,0.0,0.0,0.0,0.9488054607508533,0.9737302977232924,0.5,0.0,0.0,0.0,0.0,0.0,0.0,0.0,0.8313018039980498,0.9043141592920354,0.7534258307639603,0.12053460097399742,0.07927871445706045,0.04496972927604835,0.3172646830162265,0.3172646830162266,0.04496972927604832,0.002480942055910063,0.8844466114090688,0.9382007822685788,0.5336587872559097,0.002280075862151188,0.001934401948509226,0.003359470358740744,0.08071004594678723,0.08071004594678725,0.003359470358740741,0.009135615402765536,0.9229644076060458,0.9598577235772358,0.5044021925316889,0.004119995154436204,0.003873687751250487,0.005716896289607595,0.025743090797627467,0.025743090797627426,0.0057168962896075835,0.0014900126940703207,0.948837965220218,0.9737465428066713,0.5003174603174603,1.1349731528040853e-05,1.1345951732250815e-05,0.0,0.001904819090832534,0.0019048190908325315,0.0,3.521801762233529e-08,0.9481066146595158,0.9733582727932816,0.4996317231928743,8.735098677281854e-05,8.447371684738415e-05,9.233025627752036e-05,0.0,0.0,9.233025627752e-05,7.439806222719113e-07,0.7490492442710875,0.8104868819622788,0.547751513075254,570.127869275432,0.2469582063780832,0.23681011266367216,0.2813181453235684,0.2813181453235684,0.23681011266367216,0.005487077201865462,0.9100926377376889,0.952535230642466,0.5228468653648508,0.017645760357131234,0.01564931300190978,0.015083296212634883,0.049997633713053165,0.04999763371305314,0.015083296212634876,0.004449379193073687,0.9387453274825288,0.9683129537427038,0.5128685622930228,0.006016422857485295,0.0057151066431250334,0.0045110001314818725,0.02857952814790344,0.02857952814790343,0.0045110001314818664,0.0005242061051014648
"[['asian', 'MSG'], ['white', 'REW'], ['white', 'REW'], ['white', 'MSG'], ['black', 'LGAFFS'], ['black', 'LGAFFS'], ['black', 'MSG']]",0.9488054607508533,0.9737302977232924,0.5,0.0,0.0,0.0,0.0,0.0,0.0,0.0,0.9488054607508533,0.9737302977232924,0.5,0.0,0.0,0.0,0.0,0.0,0.0,0.0,0.8249634324719649,0.9000278473962684,0.7771154504967454,0.24916800815785722,0.1540566763710557,0.09354105935704422,0.14378987370917762,0.14378987370917756,0.0935410593570442,0.002618318738150394,0.9010238907849829,0.9475316619281469,0.5423946557040082,0.008564719027368332,0.007541987421931936,0.007147403628927103,0.06163162217380137,0.06163162217380143,0.0071474036289270815,0.007293695472108388,0.9346660165772793,0.9661786976274609,0.5060637204522096,0.005912999555985874,0.005703842980850076,0.00849130668140644,0.007190310716351428,0.007190310716351419,0.008491306681406416,0.00123274507533913,0.9488054607508535,0.9737302977232926,0.5,0.0,0.0,0.0,0.0,0.0,0.0,0.0,0.9480253534861045,0.9733144882718763,0.49958890030832476,0.00010927883835201677,0.00010526092137175396,0.00011505078986663415,0.0,0.0,0.00011505078986663398,3.962026982513082e-06,0.800113765642776,0.8435387862902608,0.5635491606714628,992.0038070416726,0.18971216356572607,0.1827298338486945,0.18717232722632346,0.18717232722632354,0.18272983384869443,0.0024014884472531874,0.9137168860718349,0.954547696950985,0.5207022953066118,0.008074331056413496,0.0073849245005979764,0.008343418765719831,0.03730041534755511,0.03730041534755511,0.008343418765719824,0.003961711781255399,0.9392816512270437,0.9686072769479261,0.508796391458262,0.002140893341523633,0.0020474726841065633,0.0021771927765775567,0.013926892975083665,0.013926892975083654,0.0021771927765775506,0.0006605579430289929
"[['white', 'LGAFFS'], ['asian', 'LGAFFS'], ['asian', 'LGAFFS'], ['white', 'MSG'], ['black', 'LGAFFS'], ['asian', 'DIR'], ['black', 'MSG']]",0.9488054607508533,0.9737302977232924,0.5,0.0,0.0,0.0,0.0,0.0,0.0,0.0,0.9488054607508533,0.9737302977232924,0.5,0.0,0.0,0.0,0.0,0.0,0.0,0.0,0.9488054607508533,0.9737302977232924,0.5,0.0,0.0,0.0,0.0,0.0,0.0,0.0,0.9439297903461726,0.9711272909866935,0.5064405618362453,0.010817055277023816,0.010585411363688922,0.011850269545358196,0.008415662213091358,0.008415662213091353,0.011850269545358208,0.0001353428417226461,0.9483178937103852,0.9734734734734735,0.49974306269270297,0.00012563184748368297,0.00012557515618696893,0.00016593010332241183,0.0,0.0,0.00016593010332241115,7.924053965025441e-07,0.9454900048756707,0.9718244259754362,0.5050102774922919,0.003443590377381995,0.0025308021304915203,0.0017937530006581846,0.0408736494579682,0.0408736494579682,0.0017937530006581865,0.00012189836349532007,0.9447586543149684,0.9715763594151032,0.4978674203494347,0.0004983209682832604,0.0004818519694912706,0.0005266669621195262,0.0,0.0,0.0005266669621195268,1.1124491316456204e-05,0.7808548675442875,0.8173792990229395,0.523367020669179,991.9215164301385,0.17929144544791606,0.1815833394474241,0.17923624224783793,0.17923624224783793,0.18158333944742408,0.001804417144141544,0.910515195839428,0.9526873438674347,0.5227692132008679,0.011613603450539224,0.010574935088276338,0.010977774707407552,0.042042549186846814,0.04204254918684682,0.010977774707407536,0.00435607081628418,0.9399804973183813,0.9689849357806709,0.5106663240835904,0.002518068241004006,0.0024036860526613327,0.002217789014069998,0.012474626269860237,0.012474626269860229,0.0022177890140699943,0.0006071401343498695
