dataset,attribute,group,algorithm,set,iteration,error,classifier_type,classification_algorithm,value,fairness_disparate_impact,fairness_discrimination_score,fairness_true_positive_rate_diff,fairness_false_positive_rate_diff,fairness_false_positive_error_rate_balance_score,fairness_false_negative_error_rate_balance_score,fairness_consistency,performance_accuracy,performance_f1_score,performance_auc
German Credit,Attribute9,,,Validation,0,False,Surrogate,LogisticRegression,Female,0.6320374700000002,0.4579567300000001,0.2394000000000001,1.1606934600000005,1.1606934600000005,0.2394,0.7855420200000001,0.7692592592592592,0.8447481481481481,0.6828074074074075
German Credit,Attribute9,,,Validation,0,False,Surrogate,LogisticRegression,Male,1.0736269000000005,0.4579567300000001,0.2394,1.1606934600000005,1.1606934600000005,0.2394,0.7855420200000001,0.7692592592592592,0.8447481481481481,0.6828074074074075
German Credit,Attribute9,,,Validation,0,False,Surrogate,SVC,Female,0.20048699,0.1444506499999999,0.1372000000000001,0.78017124,0.78017124,0.1371999999999999,0.78431691,0.7762962962962964,0.850851851851852,0.6853555555555554
German Credit,Attribute9,,,Validation,0,False,Surrogate,SVC,Male,0.3032048999999999,0.1444506499999999,0.1371999999999999,0.78017124,0.78017124,0.1371999999999999,0.78431691,0.7762962962962964,0.850851851851852,0.6853555555555554
German Credit,Attribute9,,,Validation,0,False,Surrogate,GaussianNB,Female,1.03983006,0.47964273,0.444,0.5779173700000001,0.57791737,0.444,1.50099891,0.7351851851851853,0.7987111111111111,0.7201962962962964
German Credit,Attribute9,,,Validation,0,False,Surrogate,GaussianNB,Male,2.03239588,0.47964273,0.4439999999999999,0.5779173700000002,0.57791737,0.444,1.50099891,0.7351851851851853,0.7987111111111111,0.7201962962962964
German Credit,Attribute9,,,Validation,0,False,Surrogate,DecisionTreeClassifier,Female,0.8257698,0.4316899999999999,0.4913000000000001,1.04786532,1.04786532,0.4913000000000002,3.1524437999999995,0.6888888888888888,0.7751666666666666,0.6359777777777778
German Credit,Attribute9,,,Validation,0,False,Surrogate,DecisionTreeClassifier,Male,1.4013370799999996,0.4316899999999999,0.4912999999999999,1.04786532,1.04786532,0.4913000000000002,3.1524437999999995,0.6888888888888888,0.7751666666666666,0.6359777777777778
German Credit,Attribute9,,,Validation,0,False,Surrogate,RandomForestClassifier,Female,0.37035764,0.25580922,0.1755000000000001,0.66420202,0.66420202,0.1755,1.14154002,0.7718518518518519,0.8467740740740742,0.6842999999999998
German Credit,Attribute9,,,Validation,0,False,Surrogate,RandomForestClassifier,Male,0.5272570700000001,0.25580922,0.1755,0.6642020200000002,0.66420202,0.1755,1.14154002,0.7718518518518519,0.8467740740740742,0.6842999999999998
German Credit,Attribute9,,,Test,0,False,Surrogate,LogisticRegression,Female,0.6695276700000001,0.4486064900000001,0.2494,1.64987284,1.64987284,0.2493999999999999,0.9280735799999998,0.7503703703703702,0.8308962962962965,0.6661407407407409
German Credit,Attribute9,,,Test,0,False,Surrogate,LogisticRegression,Male,1.1899656000000003,0.4486064900000001,0.2494,1.6498728400000002,1.64987284,0.2493999999999999,0.9280735799999998,0.7503703703703702,0.8308962962962965,0.6661407407407409
German Credit,Attribute9,,,Test,0,False,Surrogate,SVC,Female,0.4226100699999999,0.27914839,0.2492,1.0002667899999995,1.0002667899999995,0.2491999999999999,0.8311418,0.7544444444444446,0.8349148148148148,0.6662185185185185
German Credit,Attribute9,,,Test,0,False,Surrogate,SVC,Male,0.6557206700000002,0.27914839,0.2492,1.0002667899999995,1.0002667899999995,0.2491999999999999,0.8311418,0.7544444444444446,0.8349148148148148,0.6662185185185185
German Credit,Attribute9,,,Test,0,False,Surrogate,GaussianNB,Female,1.40140773,0.58544926,0.5807999999999999,0.85845924,0.85845924,0.5808000000000001,1.53781713,0.7244444444444444,0.7896777777777779,0.7132296296296295
German Credit,Attribute9,,,Test,0,False,Surrogate,GaussianNB,Male,3.59353823,0.58544926,0.5807999999999999,0.8584592400000003,0.85845924,0.5808000000000001,1.53781713,0.7244444444444444,0.7896777777777779,0.7132296296296295
German Credit,Attribute9,,,Test,0,False,Surrogate,DecisionTreeClassifier,Female,0.9525852099999998,0.49911131,0.5924999999999999,1.0892264,1.0892263999999998,0.5924999999999998,3.40810913,0.6922222222222223,0.7776740740740742,0.639411111111111
German Credit,Attribute9,,,Test,0,False,Surrogate,DecisionTreeClassifier,Male,1.68830466,0.49911131,0.5925000000000001,1.0892263999999998,1.0892263999999998,0.5924999999999998,3.40810913,0.6922222222222223,0.7776740740740742,0.639411111111111
German Credit,Attribute9,,,Test,0,False,Surrogate,RandomForestClassifier,Female,0.30360652,0.20998644,0.2303,0.6911032699999999,0.6911032699999998,0.2302999999999999,1.3285900200000007,0.768888888888889,0.8430444444444443,0.6902999999999999
German Credit,Attribute9,,,Test,0,False,Surrogate,RandomForestClassifier,Male,0.4732133100000002,0.20998644,0.2303,0.69110327,0.6911032699999998,0.2302999999999999,1.3285900200000007,0.768888888888889,0.8430444444444443,0.6902999999999999
German Credit,Attribute9,,,Validation,0,False,Test,XGBClassifier,Female,0.6232268500000001,0.41711038,0.4294000000000001,0.8142543400000003,0.81425434,0.4294000000000001,1.95655202,0.7588888888888891,0.8337925925925925,0.6873962962962964
German Credit,Attribute9,,,Validation,0,False,Test,XGBClassifier,Male,1.2956049799999996,0.41711038,0.4293999999999999,0.8142543400000001,0.81425434,0.4294000000000001,1.95655202,0.7588888888888891,0.8337925925925925,0.6873962962962964
German Credit,Attribute9,,,Test,0,False,Test,XGBClassifier,Female,0.51630903,0.3033641299999999,0.3037000000000001,0.7247027499999998,0.7247027499999998,0.3037000000000001,2.1620418,0.7544444444444443,0.8279259259259258,0.6951555555555555
German Credit,Attribute9,,,Test,0,False,Test,XGBClassifier,Male,0.7807851600000002,0.3033641299999999,0.3036999999999999,0.7247027500000003,0.7247027499999998,0.3037000000000001,2.1620418,0.7544444444444443,0.8279259259259258,0.6951555555555555
German Credit,Attribute9,Female,Massaging,Validation,1,False,Surrogate,LogisticRegression,Female,0.24618785,0.17884404,0.1197000000000001,0.6838304299999998,0.6838304299999999,0.1197,0.71604802,0.7440740740740739,0.8328148148148148,0.6313000000000001
German Credit,Attribute9,Female,Massaging,Validation,1,False,Surrogate,SVC,Female,0.1193110099999999,0.0915536,0.0444,0.8307002300000003,0.8307002300000002,0.0444,0.46067091,0.7492592592592592,0.8412185185185185,0.6156037037037037
German Credit,Attribute9,Female,Massaging,Validation,1,False,Surrogate,GaussianNB,Female,0.4547805099999998,0.27588721,0.2693,0.8102538800000001,0.81025388,0.2693,1.2667180200000003,0.725925925925926,0.815648148148148,0.6306925925925926
German Credit,Attribute9,Female,Massaging,Validation,1,False,Surrogate,DecisionTreeClassifier,Female,0.56918251,0.2726934399999999,0.2955,0.83853493,0.8385349299999999,0.2955,3.67927091,0.6744444444444442,0.7647444444444446,0.6175370370370371
German Credit,Attribute9,Female,Massaging,Validation,1,False,Surrogate,RandomForestClassifier,Female,0.2446550599999999,0.17400064,0.1301,0.7977335,0.7977335,0.1301,1.30118891,0.758888888888889,0.8406666666666667,0.6577518518518518
German Credit,Attribute9,Female,Massaging,Test,1,False,Surrogate,LogisticRegression,Female,0.3024224399999999,0.2202784999999999,0.1936000000000001,0.80816926,0.80816926,0.1936,0.8578722399999997,0.7281481481481481,0.8207037037037038,0.6209999999999999
German Credit,Attribute9,Female,Massaging,Test,1,False,Surrogate,SVC,Female,0.1096958399999999,0.08556078,0.1268,0.5738653899999997,0.5738653899999999,0.1268,0.4901100200000001,0.7322222222222221,0.8286185185185184,0.6037925925925927
German Credit,Attribute9,Female,Massaging,Test,1,False,Surrogate,GaussianNB,Female,0.3481772300000002,0.20284466,0.2942000000000001,0.7735557300000001,0.7735557299999999,0.2941999999999998,1.40343291,0.7088888888888889,0.8018777777777777,0.6188740740740739
German Credit,Attribute9,Female,Massaging,Test,1,False,Surrogate,DecisionTreeClassifier,Female,0.51879015,0.2310713499999999,0.4250999999999998,1.1100610400000002,1.1100610400000002,0.4251,3.7520138,0.6774074074074073,0.7655074074074073,0.6260148148148149
German Credit,Attribute9,Female,Massaging,Test,1,False,Surrogate,RandomForestClassifier,Female,0.2145013199999999,0.1491737399999999,0.1852999999999999,0.7141132199999999,0.7141132199999998,0.1853,1.4373729099999997,0.7455555555555554,0.8302592592592594,0.6492962962962963
German Credit,Attribute9,Female,Massaging,Validation,1,False,Test,XGBClassifier,Female,0.2397772099999999,0.14564506,0.2745000000000001,0.86732006,0.86732006,0.2745,2.2920180199999995,0.7277777777777777,0.8126148148148147,0.6485925925925926
German Credit,Attribute9,Female,Massaging,Test,1,False,Test,XGBClassifier,Female,0.40724129,0.25997913,0.4402,1.03388275,1.0338827500000003,0.4402,2.4000178,0.7240740740740742,0.8080851851851849,0.6522962962962964
German Credit,Attribute9,Female,Massaging,Validation,2,False,Surrogate,LogisticRegression,Female,0.24618785,0.17884404,0.1197000000000001,0.6838304299999998,0.6838304299999999,0.1197,0.71604802,0.7440740740740739,0.8328148148148148,0.6313000000000001
German Credit,Attribute9,Female,Massaging,Validation,2,False,Surrogate,SVC,Female,0.1195285599999999,0.09187232,0.0464,0.8153170300000002,0.8153170300000001,0.0464,0.44039891,0.7474074074074073,0.8401555555555554,0.6128703703703704
German Credit,Attribute9,Female,Massaging,Validation,2,False,Surrogate,GaussianNB,Female,0.4547805099999998,0.27588721,0.2693,0.8102538800000001,0.81025388,0.2693,1.2667180200000003,0.725925925925926,0.815648148148148,0.6306925925925926
German Credit,Attribute9,Female,Massaging,Validation,2,False,Surrogate,DecisionTreeClassifier,Female,0.56918251,0.2726934399999999,0.2955,0.83853493,0.8385349299999999,0.2955,3.67927091,0.6744444444444442,0.7647444444444446,0.6175370370370371
German Credit,Attribute9,Female,Massaging,Validation,2,False,Surrogate,RandomForestClassifier,Female,0.2446550599999999,0.17400064,0.1301,0.7977335,0.7977335,0.1301,1.30118891,0.758888888888889,0.8406666666666667,0.6577518518518518
German Credit,Attribute9,Female,Massaging,Test,2,False,Surrogate,LogisticRegression,Female,0.3024224399999999,0.2202784999999999,0.1936000000000001,0.80816926,0.80816926,0.1936,0.8578722399999997,0.7281481481481481,0.8207037037037038,0.6209999999999999
German Credit,Attribute9,Female,Massaging,Test,2,False,Surrogate,SVC,Female,0.1096958399999999,0.08556078,0.1268,0.5738653899999997,0.5738653899999999,0.1268,0.4901100200000001,0.7322222222222221,0.8286185185185184,0.6037925925925927
German Credit,Attribute9,Female,Massaging,Test,2,False,Surrogate,GaussianNB,Female,0.3481772300000002,0.20284466,0.2942000000000001,0.7735557300000001,0.7735557299999999,0.2941999999999998,1.40343291,0.7088888888888889,0.8018777777777777,0.6188740740740739
German Credit,Attribute9,Female,Massaging,Test,2,False,Surrogate,DecisionTreeClassifier,Female,0.51879015,0.2310713499999999,0.4250999999999998,1.1100610400000002,1.1100610400000002,0.4251,3.7520138,0.6774074074074073,0.7655074074074073,0.6260148148148149
German Credit,Attribute9,Female,Massaging,Test,2,False,Surrogate,RandomForestClassifier,Female,0.2145013199999999,0.1491737399999999,0.1852999999999999,0.7141132199999999,0.7141132199999998,0.1853,1.4373729099999997,0.7455555555555554,0.8302592592592594,0.6492962962962963
German Credit,Attribute9,Female,Massaging,Validation,2,False,Test,XGBClassifier,Female,0.2397772099999999,0.14564506,0.2745000000000001,0.86732006,0.86732006,0.2745,2.2920180199999995,0.7277777777777777,0.8126148148148147,0.6485925925925926
German Credit,Attribute9,Female,Massaging,Test,2,False,Test,XGBClassifier,Female,0.40724129,0.25997913,0.4402,1.03388275,1.0338827500000003,0.4402,2.4000178,0.7240740740740742,0.8080851851851849,0.6522962962962964
German Credit,Attribute9,Male,Massaging,Validation,1,False,Surrogate,LogisticRegression,Male,1.0736269000000005,0.4579567300000001,0.2394,1.1606934600000005,1.1606934600000005,0.2394,0.7855420200000001,0.7692592592592592,0.8447481481481481,0.6828074074074075
German Credit,Attribute9,Male,Massaging,Validation,1,False,Surrogate,SVC,Male,0.3032048999999999,0.1444506499999999,0.1371999999999999,0.78017124,0.78017124,0.1371999999999999,0.78431691,0.7762962962962964,0.850851851851852,0.6853555555555554
German Credit,Attribute9,Male,Massaging,Validation,1,False,Surrogate,GaussianNB,Male,2.03239588,0.47964273,0.4439999999999999,0.5779173700000002,0.57791737,0.444,1.50099891,0.7351851851851853,0.7987111111111111,0.7201962962962964
German Credit,Attribute9,Male,Massaging,Validation,1,False,Surrogate,DecisionTreeClassifier,Male,1.4013370799999996,0.4316899999999999,0.4912999999999999,1.04786532,1.04786532,0.4913000000000002,3.1524437999999995,0.6888888888888888,0.7751666666666666,0.6359777777777778
German Credit,Attribute9,Male,Massaging,Validation,1,False,Surrogate,RandomForestClassifier,Male,0.5272570700000001,0.25580922,0.1755,0.6642020200000002,0.66420202,0.1755,1.14154002,0.7718518518518519,0.8467740740740742,0.6842999999999998
German Credit,Attribute9,Male,Massaging,Test,1,False,Surrogate,LogisticRegression,Male,1.1899656000000003,0.4486064900000001,0.2494,1.6498728400000002,1.64987284,0.2493999999999999,0.9280735799999998,0.7503703703703702,0.8308962962962965,0.6661407407407409
German Credit,Attribute9,Male,Massaging,Test,1,False,Surrogate,SVC,Male,0.6557206700000002,0.27914839,0.2492,1.0002667899999995,1.0002667899999995,0.2491999999999999,0.8311418,0.7544444444444446,0.8349148148148148,0.6662185185185185
German Credit,Attribute9,Male,Massaging,Test,1,False,Surrogate,GaussianNB,Male,3.59353823,0.58544926,0.5807999999999999,0.8584592400000003,0.85845924,0.5808000000000001,1.53781713,0.7244444444444444,0.7896777777777779,0.7132296296296295
German Credit,Attribute9,Male,Massaging,Test,1,False,Surrogate,DecisionTreeClassifier,Male,1.68830466,0.49911131,0.5925000000000001,1.0892263999999998,1.0892263999999998,0.5924999999999998,3.40810913,0.6922222222222223,0.7776740740740742,0.639411111111111
German Credit,Attribute9,Male,Massaging,Test,1,False,Surrogate,RandomForestClassifier,Male,0.4732133100000002,0.20998644,0.2303,0.69110327,0.6911032699999998,0.2302999999999999,1.3285900200000007,0.768888888888889,0.8430444444444443,0.6902999999999999
German Credit,Attribute9,Male,Massaging,Validation,1,False,Test,XGBClassifier,Male,1.2956049799999996,0.41711038,0.4293999999999999,0.8142543400000001,0.81425434,0.4294000000000001,1.95655202,0.7588888888888891,0.8337925925925925,0.6873962962962964
German Credit,Attribute9,Male,Massaging,Test,1,False,Test,XGBClassifier,Male,0.7807851600000002,0.3033641299999999,0.3036999999999999,0.7247027500000003,0.7247027499999998,0.3037000000000001,2.1620418,0.7544444444444443,0.8279259259259258,0.6951555555555555
German Credit,Attribute9,Male,Massaging,Validation,2,False,Surrogate,LogisticRegression,Male,1.0736269000000005,0.4579567300000001,0.2394,1.1606934600000005,1.1606934600000005,0.2394,0.7855420200000001,0.7692592592592592,0.8447481481481481,0.6828074074074075
German Credit,Attribute9,Male,Massaging,Validation,2,False,Surrogate,SVC,Male,0.3032048999999999,0.1444506499999999,0.1371999999999999,0.78017124,0.78017124,0.1371999999999999,0.78431691,0.7762962962962964,0.850851851851852,0.6853555555555554
German Credit,Attribute9,Male,Massaging,Validation,2,False,Surrogate,GaussianNB,Male,2.03239588,0.47964273,0.4439999999999999,0.5779173700000002,0.57791737,0.444,1.50099891,0.7351851851851853,0.7987111111111111,0.7201962962962964
German Credit,Attribute9,Male,Massaging,Validation,2,False,Surrogate,DecisionTreeClassifier,Male,1.4013370799999996,0.4316899999999999,0.4912999999999999,1.04786532,1.04786532,0.4913000000000002,3.1524437999999995,0.6888888888888888,0.7751666666666666,0.6359777777777778
German Credit,Attribute9,Male,Massaging,Validation,2,False,Surrogate,RandomForestClassifier,Male,0.5272570700000001,0.25580922,0.1755,0.6642020200000002,0.66420202,0.1755,1.14154002,0.7718518518518519,0.8467740740740742,0.6842999999999998
German Credit,Attribute9,Male,Massaging,Test,2,False,Surrogate,LogisticRegression,Male,1.1899656000000003,0.4486064900000001,0.2494,1.6498728400000002,1.64987284,0.2493999999999999,0.9280735799999998,0.7503703703703702,0.8308962962962965,0.6661407407407409
German Credit,Attribute9,Male,Massaging,Test,2,False,Surrogate,SVC,Male,0.6557206700000002,0.27914839,0.2492,1.0002667899999995,1.0002667899999995,0.2491999999999999,0.8311418,0.7544444444444446,0.8349148148148148,0.6662185185185185
German Credit,Attribute9,Male,Massaging,Test,2,False,Surrogate,GaussianNB,Male,3.59353823,0.58544926,0.5807999999999999,0.8584592400000003,0.85845924,0.5808000000000001,1.53781713,0.7244444444444444,0.7896777777777779,0.7132296296296295
German Credit,Attribute9,Male,Massaging,Test,2,False,Surrogate,DecisionTreeClassifier,Male,1.68830466,0.49911131,0.5925000000000001,1.0892263999999998,1.0892263999999998,0.5924999999999998,3.40810913,0.6922222222222223,0.7776740740740742,0.639411111111111
German Credit,Attribute9,Male,Massaging,Test,2,False,Surrogate,RandomForestClassifier,Male,0.4732133100000002,0.20998644,0.2303,0.69110327,0.6911032699999998,0.2302999999999999,1.3285900200000007,0.768888888888889,0.8430444444444443,0.6902999999999999
German Credit,Attribute9,Male,Massaging,Validation,2,False,Test,XGBClassifier,Male,1.2956049799999996,0.41711038,0.4293999999999999,0.8142543400000001,0.81425434,0.4294000000000001,1.95655202,0.7588888888888891,0.8337925925925925,0.6873962962962964
German Credit,Attribute9,Male,Massaging,Test,2,False,Test,XGBClassifier,Male,0.7807851600000002,0.3033641299999999,0.3036999999999999,0.7247027500000003,0.7247027499999998,0.3037000000000001,2.1620418,0.7544444444444443,0.8279259259259258,0.6951555555555555
German Credit,Attribute9,Female,Reweighing,Validation,1,False,Surrogate,LogisticRegression,Female,0.4704427800000001,0.25369488,0.2177,1.01768447,1.0176844699999998,0.2176999999999999,0.90582402,0.768888888888889,0.8428296296296296,0.6892555555555554
German Credit,Attribute9,Female,Reweighing,Validation,1,False,Surrogate,SVC,Female,0.3419752500000001,0.1829046599999999,0.1808000000000001,0.9732999500000002,0.97329995,0.1808,0.8618989099999999,0.7737037037037037,0.8467814814814815,0.6919740740740741
German Credit,Attribute9,Female,Reweighing,Validation,1,False,Surrogate,GaussianNB,Female,1.29763065,0.3355804700000001,0.3693,0.96546534,0.96546534,0.3692999999999999,1.52080424,0.714814814814815,0.7798925925925928,0.704225925925926
German Credit,Attribute9,Female,Reweighing,Validation,1,False,Surrogate,DecisionTreeClassifier,Female,0.7568050000000001,0.3276714,0.4110999999999999,0.5512206200000004,0.55122062,0.4110999999999999,3.4445038,0.671851851851852,0.761385185185185,0.6192185185185186
German Credit,Attribute9,Female,Reweighing,Validation,1,False,Surrogate,RandomForestClassifier,Female,0.2205385,0.1395953999999999,0.182,0.54257563,0.54257563,0.1819999999999999,1.42174913,0.7629629629629631,0.8384851851851851,0.6832407407407407
German Credit,Attribute9,Female,Reweighing,Test,1,False,Surrogate,LogisticRegression,Female,0.2973501200000001,0.16594195,0.2512000000000001,1.0064948800000002,1.00649488,0.2512,1.1165995699999998,0.7433333333333333,0.8235111111111112,0.6678037037037036
German Credit,Attribute9,Female,Reweighing,Test,1,False,Surrogate,SVC,Female,0.21940688,0.1259575,0.2673999999999999,0.8680239100000003,0.8680239100000001,0.2674,0.95375469,0.7574074074074071,0.8344148148148148,0.6799851851851852
German Credit,Attribute9,Female,Reweighing,Test,1,False,Surrogate,GaussianNB,Female,0.6956614199999998,0.23586465,0.4245999999999998,0.6505660200000003,0.6505660200000003,0.4246,1.61324402,0.7192592592592594,0.7817888888888889,0.7165740740740743
German Credit,Attribute9,Female,Reweighing,Test,1,False,Surrogate,DecisionTreeClassifier,Female,1.1973760499999997,0.4099238299999999,0.4907999999999999,0.9538514500000004,0.9538514500000002,0.4908000000000001,3.86949891,0.672222222222222,0.755751851851852,0.6353629629629629
German Credit,Attribute9,Female,Reweighing,Test,1,False,Surrogate,RandomForestClassifier,Female,0.23432809,0.1378028999999999,0.3335000000000001,0.64345711,0.6434571099999998,0.3335000000000001,1.5023442400000002,0.7599999999999999,0.8354148148148149,0.6860592592592594
German Credit,Attribute9,Female,Reweighing,Validation,1,False,Test,XGBClassifier,Female,0.5316430600000001,0.28857484,0.2911000000000001,1.0221198100000002,1.02211981,0.2911,2.0008642400000003,0.7540740740740739,0.8295407407407405,0.6853555555555556
German Credit,Attribute9,Female,Reweighing,Test,1,False,Test,XGBClassifier,Female,0.39061112,0.2032937500000001,0.4000000000000001,0.85646612,0.85646612,0.4000000000000002,2.16170913,0.7425925925925926,0.8186407407407408,0.6842259259259259
German Credit,Attribute9,Female,Reweighing,Validation,2,False,Surrogate,LogisticRegression,Female,0.3686048,0.22355147,0.1946000000000001,1.0587615,1.0587614999999997,0.1946,0.87855713,0.7670370370370372,0.8420333333333333,0.6850962962962964
German Credit,Attribute9,Female,Reweighing,Validation,2,False,Surrogate,SVC,Female,0.27567943,0.15580826,0.1636,1.0439088,1.0439088,0.1636,0.9387691299999998,0.7748148148148148,0.8466037037037039,0.697696296296296
German Credit,Attribute9,Female,Reweighing,Validation,2,False,Surrogate,GaussianNB,Female,1.05881612,0.28883977,0.3261999999999999,1.0414898499999998,1.04148985,0.3262,1.49278157,0.7181481481481483,0.7826962962962964,0.7073185185185187
German Credit,Attribute9,Female,Reweighing,Validation,2,False,Surrogate,DecisionTreeClassifier,Female,0.967345,0.35647038,0.4026,1.28648807,1.28648807,0.4025999999999999,3.46774536,0.6629629629629631,0.7535962962962967,0.6107592592592591
German Credit,Attribute9,Female,Reweighing,Validation,2,False,Surrogate,RandomForestClassifier,Female,0.25951006,0.17236412,0.2276000000000001,0.7110131500000005,0.7110131500000001,0.2275999999999999,1.4430751300000004,0.7611111111111112,0.838025925925926,0.6787444444444445
German Credit,Attribute9,Female,Reweighing,Test,2,False,Surrogate,LogisticRegression,Female,0.2365426300000001,0.13923543,0.2128,0.7473129300000001,0.7473129299999999,0.2128,1.05740291,0.7459259259259258,0.8261555555555558,0.6671962962962964
German Credit,Attribute9,Female,Reweighing,Test,2,False,Surrogate,SVC,Female,0.3629248500000001,0.19260435,0.2947000000000001,0.8967663500000002,0.8967663499999998,0.2946999999999999,0.9668438000000004,0.7555555555555555,0.8315444444444443,0.6835962962962965
German Credit,Attribute9,Female,Reweighing,Test,2,False,Surrogate,GaussianNB,Female,0.7226978700000001,0.2380086,0.478,0.6428898000000002,0.6428898000000002,0.4780000000000001,1.54261447,0.7185185185185188,0.7820370370370371,0.7135814814814815
German Credit,Attribute9,Female,Reweighing,Test,2,False,Surrogate,DecisionTreeClassifier,Female,0.4246830199999999,0.19849294,0.3225,0.7095990400000002,0.7095990400000001,0.3225,3.873627130000001,0.6785185185185184,0.7636296296296297,0.6352851851851853
German Credit,Attribute9,Female,Reweighing,Test,2,False,Surrogate,RandomForestClassifier,Female,0.20616836,0.12227263,0.2476,0.5982588300000002,0.59825883,0.2475999999999999,1.4705038,0.7637037037037038,0.8383000000000002,0.689774074074074
German Credit,Attribute9,Female,Reweighing,Validation,2,False,Test,XGBClassifier,Female,0.36516296,0.1932059299999999,0.2134999999999999,0.7256781400000002,0.72567814,0.2135,1.96250491,0.7481481481481481,0.824974074074074,0.6790148148148147
German Credit,Attribute9,Female,Reweighing,Test,2,False,Test,XGBClassifier,Female,0.2703989599999999,0.13563081,0.2796,0.5896930500000003,0.58969305,0.2796,2.22862446,0.7407407407407405,0.8177037037037038,0.6800703703703704
German Credit,Attribute9,Male,Reweighing,Validation,1,False,Surrogate,LogisticRegression,Male,0.8491777300000002,0.3794325000000001,0.2067,1.0129527900000002,1.01295279,0.2067,0.8119160200000001,0.7703703703703703,0.8451888888888889,0.6860703703703704
German Credit,Attribute9,Male,Reweighing,Validation,1,False,Surrogate,SVC,Male,0.27217269,0.13993839,0.0991,0.6123412100000001,0.61234121,0.0990999999999999,0.8266371299999999,0.774074074074074,0.8481111111111111,0.6883666666666666
German Credit,Attribute9,Male,Reweighing,Validation,1,False,Surrogate,GaussianNB,Male,2.09841979,0.5275025299999999,0.4769,0.72473131,0.72473131,0.4769,1.47702113,0.7296296296296296,0.7945777777777778,0.7134037037037037
German Credit,Attribute9,Male,Reweighing,Validation,1,False,Surrogate,DecisionTreeClassifier,Male,1.7229385300000002,0.50554851,0.4628999999999998,0.9905019000000004,0.9905019,0.4629000000000001,3.35778446,0.6733333333333333,0.7654296296296299,0.6132296296296297
German Credit,Attribute9,Male,Reweighing,Validation,1,False,Surrogate,RandomForestClassifier,Male,0.5932220300000002,0.24395952,0.2142,0.6611155000000002,0.6611155000000001,0.2142,1.11290758,0.764814814814815,0.8418888888888889,0.6771555555555556
German Credit,Attribute9,Male,Reweighing,Test,1,False,Surrogate,LogisticRegression,Male,1.02680354,0.384198,0.245,1.40892933,1.4089293299999996,0.245,1.02835913,0.7466666666666666,0.8275703703703704,0.6648925925925927
German Credit,Attribute9,Male,Reweighing,Test,1,False,Surrogate,SVC,Male,0.5744510100000001,0.2364985799999999,0.2633,0.79529813,0.7952981299999998,0.2633,0.8785146899999999,0.7551851851851852,0.8338407407407409,0.6734555555555557
German Credit,Attribute9,Male,Reweighing,Test,1,False,Surrogate,GaussianNB,Male,3.59550748,0.57800964,0.6231999999999999,0.9313622100000004,0.9313622099999996,0.6232000000000001,1.59636602,0.7225925925925927,0.7879518518518518,0.7111925925925926
German Credit,Attribute9,Male,Reweighing,Test,1,False,Surrogate,DecisionTreeClassifier,Male,0.7784383,0.2675802599999999,0.3680000000000002,0.6616195100000001,0.6616195100000001,0.3680000000000001,3.33974602,0.6844444444444444,0.772048148148148,0.6310333333333334
German Credit,Attribute9,Male,Reweighing,Test,1,False,Surrogate,RandomForestClassifier,Male,0.4797918699999998,0.21379079,0.2239,0.5568681600000001,0.55686816,0.2239,1.42990091,0.7707407407407408,0.8436555555555557,0.6955074074074075
German Credit,Attribute9,Male,Reweighing,Validation,1,False,Test,XGBClassifier,Male,0.99697529,0.35569976,0.3883999999999999,0.7701302500000002,0.7701302500000001,0.3883999999999999,1.8163858,0.7677777777777779,0.8390592592592592,0.7011444444444445
German Credit,Attribute9,Male,Reweighing,Test,1,False,Test,XGBClassifier,Male,0.7691088799999999,0.2747452199999999,0.2618,0.7272112900000003,0.7272112900000001,0.2618,2.07532824,0.75,0.8248037037037037,0.6884555555555556
German Credit,Attribute9,Male,Reweighing,Validation,2,False,Surrogate,LogisticRegression,Male,0.7396829000000001,0.3409751299999999,0.246,0.8205879100000002,0.8205879100000002,0.2460000000000001,0.81287801,0.7655555555555554,0.8418777777777776,0.6801555555555557
German Credit,Attribute9,Male,Reweighing,Validation,2,False,Surrogate,SVC,Male,0.3405761500000001,0.17079963,0.1034,0.9646110200000002,0.96461102,0.1034,0.8531289099999999,0.7744444444444445,0.8484555555555554,0.6889851851851851
German Credit,Attribute9,Male,Reweighing,Validation,2,False,Surrogate,GaussianNB,Male,1.70280147,0.4527579100000001,0.3781,0.8215371000000001,0.8215370999999999,0.3781,1.4699331300000005,0.7248148148148148,0.7896666666666668,0.7096111111111111
German Credit,Attribute9,Male,Reweighing,Validation,2,False,Surrogate,DecisionTreeClassifier,Male,1.4589706100000002,0.44957835,0.5350000000000001,1.21341014,1.21341014,0.5350000000000001,3.1956842399999994,0.6792592592592596,0.7693148148148147,0.6199370370370372
German Credit,Attribute9,Male,Reweighing,Validation,2,False,Surrogate,RandomForestClassifier,Male,0.6014186899999999,0.2719474699999999,0.2065,0.7655443000000002,0.7655443000000001,0.2065,1.2013589100000002,0.7618518518518518,0.8394333333333334,0.675037037037037
German Credit,Attribute9,Male,Reweighing,Test,2,False,Surrogate,LogisticRegression,Male,0.92751329,0.3310150600000001,0.2698,1.13867555,1.1386755499999996,0.2698,0.9812800200000004,0.7470370370370369,0.8280185185185184,0.6651703703703704
German Credit,Attribute9,Male,Reweighing,Test,2,False,Surrogate,SVC,Male,0.5933904500000002,0.2354619999999999,0.2809999999999999,0.6838177600000002,0.6838177599999999,0.281,0.93118135,0.752962962962963,0.8318,0.6732777777777778
German Credit,Attribute9,Male,Reweighing,Test,2,False,Surrogate,GaussianNB,Male,3.230753009999999,0.4734141799999999,0.5784,0.8216890300000002,0.8216890299999997,0.5784000000000001,1.5963569100000004,0.7192592592592595,0.7844037037037038,0.7084555555555555
German Credit,Attribute9,Male,Reweighing,Test,2,False,Surrogate,DecisionTreeClassifier,Male,0.6756704400000001,0.2498789799999999,0.2718,0.5707711400000001,0.5707711400000001,0.2717999999999999,3.126211349999999,0.6774074074074073,0.7667185185185185,0.6221333333333335
German Credit,Attribute9,Male,Reweighing,Test,2,False,Surrogate,RandomForestClassifier,Male,0.3950802900000001,0.18449679,0.2668,0.82902798,0.8290279799999999,0.2667999999999999,1.41298402,0.7707407407407406,0.8438222222222223,0.6944333333333332
German Credit,Attribute9,Male,Reweighing,Validation,2,False,Test,XGBClassifier,Male,1.38438424,0.4524220299999999,0.4585999999999998,0.7979043500000002,0.7979043499999998,0.4586,1.88296402,0.7548148148148149,0.8298037037037035,0.686948148148148
German Credit,Attribute9,Male,Reweighing,Test,2,False,Test,XGBClassifier,Male,0.7455325000000002,0.29667323,0.2927,0.8425362700000003,0.8425362699999999,0.2927,2.15894091,0.7492592592592593,0.824748148148148,0.6868592592592593
German Credit,Attribute9,Female,DisparateImpactRemover,Validation,1,False,Surrogate,LogisticRegression,Female,0.4709188699999999,0.26384226,0.2476,1.2053370200000006,1.2053370200000006,0.2475999999999999,0.91029402,0.7755555555555558,0.8469481481481483,0.6996518518518519
German Credit,Attribute9,Female,DisparateImpactRemover,Validation,1,False,Surrogate,SVC,Female,0.24473396,0.13738417,0.1303,1.02160183,1.0216018299999998,0.1302999999999999,0.8315549100000001,0.7811111111111112,0.8525666666666668,0.6976148148148149
German Credit,Attribute9,Female,DisparateImpactRemover,Validation,1,False,Surrogate,GaussianNB,Female,1.2416293899999995,0.33436556,0.3989999999999999,1.0950246999999995,1.0950247,0.399,1.55846713,0.714074074074074,0.77852962962963,0.7061666666666668
German Credit,Attribute9,Female,DisparateImpactRemover,Validation,1,False,Surrogate,DecisionTreeClassifier,Female,0.49753232,0.2070728299999999,0.3991999999999999,1.0987199600000002,1.09871996,0.3992000000000001,3.4936022400000004,0.6725925925925927,0.759374074074074,0.6264555555555555
German Credit,Attribute9,Female,DisparateImpactRemover,Validation,1,False,Surrogate,RandomForestClassifier,Female,0.26759533,0.1553759899999999,0.1751000000000001,0.7213292300000002,0.7213292299999999,0.1750999999999999,1.38636291,0.7659259259259258,0.840077777777778,0.6878296296296297
German Credit,Attribute9,Female,DisparateImpactRemover,Test,1,False,Surrogate,LogisticRegression,Female,0.24635163,0.13202524,0.2643000000000001,0.6982774600000001,0.69827746,0.2643,1.09776202,0.7444444444444446,0.823725925925926,0.6714296296296297
German Credit,Attribute9,Female,DisparateImpactRemover,Test,1,False,Surrogate,SVC,Female,0.30748772,0.17068523,0.2072,1.01898898,1.0189889799999998,0.2071999999999999,0.8423724599999999,0.7540740740740742,0.8334925925925926,0.6712518518518519
German Credit,Attribute9,Female,DisparateImpactRemover,Test,1,False,Surrogate,GaussianNB,Female,0.92193056,0.29407785,0.5392,0.6176464700000001,0.6176464700000001,0.5392000000000001,1.5988284600000002,0.7196296296296297,0.7820370370370371,0.7182555555555555
German Credit,Attribute9,Female,DisparateImpactRemover,Test,1,False,Surrogate,DecisionTreeClassifier,Female,0.92976383,0.3351600799999999,0.4599000000000001,1.0749499100000002,1.0749499100000002,0.4599000000000001,3.60556713,0.676296296296296,0.7621555555555554,0.6301555555555555
German Credit,Attribute9,Female,DisparateImpactRemover,Test,1,False,Surrogate,RandomForestClassifier,Female,0.3111694999999999,0.1832051899999999,0.3279000000000001,0.6663640100000001,0.66636401,0.3279000000000001,1.45624446,0.7629629629629632,0.8373925925925927,0.6902999999999999
German Credit,Attribute9,Female,DisparateImpactRemover,Validation,1,False,Test,XGBClassifier,Female,0.4013969799999999,0.2235061699999999,0.322,0.8687092900000002,0.8687092899999999,0.3220000000000001,2.25961891,0.7511111111111108,0.8266962962962965,0.6843000000000001
German Credit,Attribute9,Female,DisparateImpactRemover,Test,1,False,Test,XGBClassifier,Female,0.21569627,0.1161001,0.2974999999999999,0.6696892400000002,0.6696892400000001,0.2975,2.25652846,0.741111111111111,0.8176111111111112,0.6824518518518518
German Credit,Attribute9,Female,DisparateImpactRemover,Validation,2,False,Surrogate,LogisticRegression,Female,0.4709188699999999,0.26384226,0.2476,1.2053370200000006,1.2053370200000006,0.2475999999999999,0.91029402,0.7755555555555558,0.8469481481481483,0.6996518518518519
German Credit,Attribute9,Female,DisparateImpactRemover,Validation,2,False,Surrogate,SVC,Female,0.24473396,0.13738417,0.1303,1.02160183,1.0216018299999998,0.1302999999999999,0.8315549100000001,0.7811111111111112,0.8525666666666668,0.6976148148148149
German Credit,Attribute9,Female,DisparateImpactRemover,Validation,2,False,Surrogate,GaussianNB,Female,1.2416293899999995,0.33436556,0.3989999999999999,1.0950246999999995,1.0950247,0.399,1.55846713,0.714074074074074,0.77852962962963,0.7061666666666668
German Credit,Attribute9,Female,DisparateImpactRemover,Validation,2,False,Surrogate,DecisionTreeClassifier,Female,0.49753232,0.2070728299999999,0.3991999999999999,1.0987199600000002,1.09871996,0.3992000000000001,3.4936022400000004,0.6725925925925927,0.759374074074074,0.6264555555555555
German Credit,Attribute9,Female,DisparateImpactRemover,Validation,2,False,Surrogate,RandomForestClassifier,Female,0.26759533,0.1553759899999999,0.1751000000000001,0.7213292300000002,0.7213292299999999,0.1750999999999999,1.38636291,0.7659259259259258,0.840077777777778,0.6878296296296297
German Credit,Attribute9,Female,DisparateImpactRemover,Test,2,False,Surrogate,LogisticRegression,Female,0.24635163,0.13202524,0.2643000000000001,0.6982774600000001,0.69827746,0.2643,1.09776202,0.7444444444444446,0.823725925925926,0.6714296296296297
German Credit,Attribute9,Female,DisparateImpactRemover,Test,2,False,Surrogate,SVC,Female,0.30748772,0.17068523,0.2072,1.01898898,1.0189889799999998,0.2071999999999999,0.8423724599999999,0.7540740740740742,0.8334925925925926,0.6712518518518519
German Credit,Attribute9,Female,DisparateImpactRemover,Test,2,False,Surrogate,GaussianNB,Female,0.92193056,0.29407785,0.5392,0.6176464700000001,0.6176464700000001,0.5392000000000001,1.5988284600000002,0.7196296296296297,0.7820370370370371,0.7182555555555555
German Credit,Attribute9,Female,DisparateImpactRemover,Test,2,False,Surrogate,DecisionTreeClassifier,Female,0.92976383,0.3351600799999999,0.4599000000000001,1.0749499100000002,1.0749499100000002,0.4599000000000001,3.60556713,0.676296296296296,0.7621555555555554,0.6301555555555555
German Credit,Attribute9,Female,DisparateImpactRemover,Test,2,False,Surrogate,RandomForestClassifier,Female,0.3111694999999999,0.1832051899999999,0.3279000000000001,0.6663640100000001,0.66636401,0.3279000000000001,1.45624446,0.7629629629629632,0.8373925925925927,0.6902999999999999
German Credit,Attribute9,Female,DisparateImpactRemover,Validation,2,False,Test,XGBClassifier,Female,0.4013969799999999,0.2235061699999999,0.322,0.8687092900000002,0.8687092899999999,0.3220000000000001,2.25961891,0.7511111111111108,0.8266962962962965,0.6843000000000001
German Credit,Attribute9,Female,DisparateImpactRemover,Test,2,False,Test,XGBClassifier,Female,0.21569627,0.1161001,0.2974999999999999,0.6696892400000002,0.6696892400000001,0.2975,2.25652846,0.741111111111111,0.8176111111111112,0.6824518518518518
German Credit,Attribute9,Male,DisparateImpactRemover,Validation,1,False,Surrogate,LogisticRegression,Male,1.0736269000000005,0.4579567300000001,0.2394,1.1606934600000005,1.1606934600000005,0.2394,0.7855420200000001,0.7692592592592592,0.8447481481481481,0.6828074074074075
German Credit,Attribute9,Male,DisparateImpactRemover,Validation,1,False,Surrogate,SVC,Male,0.3032048999999999,0.1444506499999999,0.1371999999999999,0.78017124,0.78017124,0.1371999999999999,0.78431691,0.7762962962962964,0.850851851851852,0.6853555555555554
German Credit,Attribute9,Male,DisparateImpactRemover,Validation,1,False,Surrogate,GaussianNB,Male,2.03239588,0.47964273,0.4439999999999999,0.5779173700000002,0.57791737,0.444,1.50099891,0.7351851851851853,0.7987111111111111,0.7201962962962964
German Credit,Attribute9,Male,DisparateImpactRemover,Validation,1,False,Surrogate,DecisionTreeClassifier,Male,1.4013370799999996,0.4316899999999999,0.4912999999999999,1.04786532,1.04786532,0.4913000000000002,3.1524437999999995,0.6888888888888888,0.7751666666666666,0.6359777777777778
German Credit,Attribute9,Male,DisparateImpactRemover,Validation,1,False,Surrogate,RandomForestClassifier,Male,0.5272570700000001,0.25580922,0.1755,0.6642020200000002,0.66420202,0.1755,1.14154002,0.7718518518518519,0.8467740740740742,0.6842999999999998
German Credit,Attribute9,Male,DisparateImpactRemover,Test,1,False,Surrogate,LogisticRegression,Male,1.1899656000000003,0.4486064900000001,0.2494,1.6498728400000002,1.64987284,0.2493999999999999,0.9280735799999998,0.7503703703703702,0.8308962962962965,0.6661407407407409
German Credit,Attribute9,Male,DisparateImpactRemover,Test,1,False,Surrogate,SVC,Male,0.6557206700000002,0.27914839,0.2492,1.0002667899999995,1.0002667899999995,0.2491999999999999,0.8311418,0.7544444444444446,0.8349148148148148,0.6662185185185185
German Credit,Attribute9,Male,DisparateImpactRemover,Test,1,False,Surrogate,GaussianNB,Male,3.59353823,0.58544926,0.5807999999999999,0.8584592400000003,0.85845924,0.5808000000000001,1.53781713,0.7244444444444444,0.7896777777777779,0.7132296296296295
German Credit,Attribute9,Male,DisparateImpactRemover,Test,1,False,Surrogate,DecisionTreeClassifier,Male,1.68830466,0.49911131,0.5925000000000001,1.0892263999999998,1.0892263999999998,0.5924999999999998,3.40810913,0.6922222222222223,0.7776740740740742,0.639411111111111
German Credit,Attribute9,Male,DisparateImpactRemover,Test,1,False,Surrogate,RandomForestClassifier,Male,0.4732133100000002,0.20998644,0.2303,0.69110327,0.6911032699999998,0.2302999999999999,1.3285900200000007,0.768888888888889,0.8430444444444443,0.6902999999999999
German Credit,Attribute9,Male,DisparateImpactRemover,Validation,1,False,Test,XGBClassifier,Male,1.2956049799999996,0.41711038,0.4293999999999999,0.8142543400000001,0.81425434,0.4294000000000001,1.95655202,0.7588888888888891,0.8337925925925925,0.6873962962962964
German Credit,Attribute9,Male,DisparateImpactRemover,Test,1,False,Test,XGBClassifier,Male,0.7807851600000002,0.3033641299999999,0.3036999999999999,0.7247027500000003,0.7247027499999998,0.3037000000000001,2.1620418,0.7544444444444443,0.8279259259259258,0.6951555555555555
German Credit,Attribute9,Male,DisparateImpactRemover,Validation,2,False,Surrogate,LogisticRegression,Male,1.0736269000000005,0.4579567300000001,0.2394,1.1606934600000005,1.1606934600000005,0.2394,0.7855420200000001,0.7692592592592592,0.8447481481481481,0.6828074074074075
German Credit,Attribute9,Male,DisparateImpactRemover,Validation,2,False,Surrogate,SVC,Male,0.3032048999999999,0.1444506499999999,0.1371999999999999,0.78017124,0.78017124,0.1371999999999999,0.78431691,0.7762962962962964,0.850851851851852,0.6853555555555554
German Credit,Attribute9,Male,DisparateImpactRemover,Validation,2,False,Surrogate,GaussianNB,Male,2.03239588,0.47964273,0.4439999999999999,0.5779173700000002,0.57791737,0.444,1.50099891,0.7351851851851853,0.7987111111111111,0.7201962962962964
German Credit,Attribute9,Male,DisparateImpactRemover,Validation,2,False,Surrogate,DecisionTreeClassifier,Male,1.4013370799999996,0.4316899999999999,0.4912999999999999,1.04786532,1.04786532,0.4913000000000002,3.1524437999999995,0.6888888888888888,0.7751666666666666,0.6359777777777778
German Credit,Attribute9,Male,DisparateImpactRemover,Validation,2,False,Surrogate,RandomForestClassifier,Male,0.5272570700000001,0.25580922,0.1755,0.6642020200000002,0.66420202,0.1755,1.14154002,0.7718518518518519,0.8467740740740742,0.6842999999999998
German Credit,Attribute9,Male,DisparateImpactRemover,Test,2,False,Surrogate,LogisticRegression,Male,1.1899656000000003,0.4486064900000001,0.2494,1.6498728400000002,1.64987284,0.2493999999999999,0.9280735799999998,0.7503703703703702,0.8308962962962965,0.6661407407407409
German Credit,Attribute9,Male,DisparateImpactRemover,Test,2,False,Surrogate,SVC,Male,0.6557206700000002,0.27914839,0.2492,1.0002667899999995,1.0002667899999995,0.2491999999999999,0.8311418,0.7544444444444446,0.8349148148148148,0.6662185185185185
German Credit,Attribute9,Male,DisparateImpactRemover,Test,2,False,Surrogate,GaussianNB,Male,3.59353823,0.58544926,0.5807999999999999,0.8584592400000003,0.85845924,0.5808000000000001,1.53781713,0.7244444444444444,0.7896777777777779,0.7132296296296295
German Credit,Attribute9,Male,DisparateImpactRemover,Test,2,False,Surrogate,DecisionTreeClassifier,Male,1.68830466,0.49911131,0.5925000000000001,1.0892263999999998,1.0892263999999998,0.5924999999999998,3.40810913,0.6922222222222223,0.7776740740740742,0.639411111111111
German Credit,Attribute9,Male,DisparateImpactRemover,Test,2,False,Surrogate,RandomForestClassifier,Male,0.4732133100000002,0.20998644,0.2303,0.69110327,0.6911032699999998,0.2302999999999999,1.3285900200000007,0.768888888888889,0.8430444444444443,0.6902999999999999
German Credit,Attribute9,Male,DisparateImpactRemover,Validation,2,False,Test,XGBClassifier,Male,1.2956049799999996,0.41711038,0.4293999999999999,0.8142543400000001,0.81425434,0.4294000000000001,1.95655202,0.7588888888888891,0.8337925925925925,0.6873962962962964
German Credit,Attribute9,Male,DisparateImpactRemover,Test,2,False,Test,XGBClassifier,Male,0.7807851600000002,0.3033641299999999,0.3036999999999999,0.7247027500000003,0.7247027499999998,0.3037000000000001,2.1620418,0.7544444444444443,0.8279259259259258,0.6951555555555555
German Credit,Attribute9,Female,LexicographicGeneticAlgorithmFairFeatureSelection,Validation,1,False,Surrogate,LogisticRegression,Female,0.5728484199999999,0.3186244199999999,0.1899,1.6000280400000002,1.6000280399999998,0.1899,0.7851486899999999,0.7603703703703704,0.8396074074074074,0.6687074074074074
German Credit,Attribute9,Female,LexicographicGeneticAlgorithmFairFeatureSelection,Validation,1,False,Surrogate,SVC,Female,0.39636915,0.21582404,0.1517,1.45695832,1.45695832,0.1517,0.7081238000000001,0.7651851851851852,0.8431222222222223,0.6728444444444447
German Credit,Attribute9,Female,LexicographicGeneticAlgorithmFairFeatureSelection,Validation,1,False,Surrogate,GaussianNB,Female,1.2055258799999995,0.42616685,0.4664999999999999,1.3587393,1.3587393,0.4665000000000001,1.05305002,0.7377777777777778,0.8094333333333333,0.692774074074074
German Credit,Attribute9,Female,LexicographicGeneticAlgorithmFairFeatureSelection,Validation,1,False,Surrogate,DecisionTreeClassifier,Female,0.71412057,0.34221745,0.309,0.9838545200000002,0.98385452,0.309,3.5721506899999995,0.6807407407407408,0.7687185185185186,0.627688888888889
German Credit,Attribute9,Female,LexicographicGeneticAlgorithmFairFeatureSelection,Validation,1,False,Surrogate,RandomForestClassifier,Female,0.30933215,0.1959974299999999,0.2410000000000001,0.6236493200000001,0.6236493199999998,0.2410000000000001,1.8363218,0.7400000000000001,0.8208296296296296,0.6647185185185185
German Credit,Attribute9,Female,LexicographicGeneticAlgorithmFairFeatureSelection,Test,1,False,Surrogate,LogisticRegression,Female,0.2720253000000001,0.1562306499999999,0.2319000000000001,0.6916190500000002,0.6916190500000001,0.2318999999999999,1.0413142400000002,0.7448148148148148,0.8262555555555555,0.6625296296296297
German Credit,Attribute9,Female,LexicographicGeneticAlgorithmFairFeatureSelection,Test,1,False,Surrogate,SVC,Female,0.2350729399999999,0.14343535,0.2871999999999999,1.0145538600000004,1.01455386,0.2871999999999999,0.8715778000000002,0.7540740740740739,0.833925925925926,0.6677148148148149
German Credit,Attribute9,Female,LexicographicGeneticAlgorithmFairFeatureSelection,Test,1,False,Surrogate,GaussianNB,Female,0.4887171799999998,0.1983960799999999,0.3529999999999998,0.6065556500000001,0.6065556500000001,0.3529999999999999,1.28141669,0.731111111111111,0.8010111111111109,0.698237037037037
German Credit,Attribute9,Female,LexicographicGeneticAlgorithmFairFeatureSelection,Test,1,False,Surrogate,DecisionTreeClassifier,Female,0.53212989,0.22398125,0.3742000000000001,0.5898388700000001,0.5898388699999998,0.3742000000000001,3.3550644599999995,0.675925925925926,0.7638222222222223,0.625662962962963
German Credit,Attribute9,Female,LexicographicGeneticAlgorithmFairFeatureSelection,Test,1,False,Surrogate,RandomForestClassifier,Female,0.36219625,0.19940348,0.2977999999999999,0.8647266600000003,0.8647266599999999,0.2978000000000001,1.93850247,0.7488888888888889,0.8250703703703701,0.6830592592592594
German Credit,Attribute9,Female,LexicographicGeneticAlgorithmFairFeatureSelection,Validation,1,False,Test,XGBClassifier,Female,0.3439532999999999,0.2137053099999999,0.2569000000000001,0.6946324000000003,0.6946324,0.2568999999999999,2.2295918,0.732962962962963,0.8149481481481482,0.6604037037037038
German Credit,Attribute9,Female,LexicographicGeneticAlgorithmFairFeatureSelection,Test,1,False,Test,XGBClassifier,Female,0.33374401,0.17434266,0.4432,0.6860746400000002,0.68607464,0.4432,2.25029313,0.7222222222222222,0.8041592592592594,0.6594370370370369
German Credit,Attribute9,Female,LexicographicGeneticAlgorithmFairFeatureSelection,Validation,2,False,Surrogate,LogisticRegression,Female,0.5660540899999998,0.3139389099999999,0.1948000000000001,1.629735570000001,1.62973557,0.1948,0.8076886899999999,0.7607407407407407,0.8398296296296295,0.6696740740740742
German Credit,Attribute9,Female,LexicographicGeneticAlgorithmFairFeatureSelection,Validation,2,False,Surrogate,SVC,Female,0.37609005,0.20935198,0.1573000000000001,1.36431735,1.36431735,0.1573,0.7644631300000001,0.7651851851851852,0.8431666666666665,0.6731962962962963
German Credit,Attribute9,Female,LexicographicGeneticAlgorithmFairFeatureSelection,Validation,2,False,Surrogate,GaussianNB,Female,0.9529757699999996,0.3493099899999999,0.4189999999999999,1.2986859000000002,1.2986859000000002,0.4190000000000001,0.9968542400000002,0.7396296296296296,0.8116703703703704,0.6923333333333331
German Credit,Attribute9,Female,LexicographicGeneticAlgorithmFairFeatureSelection,Validation,2,False,Surrogate,DecisionTreeClassifier,Female,0.56470558,0.2831011500000001,0.3050000000000001,0.7823802500000001,0.78238025,0.3049999999999999,3.5023426899999994,0.6859259259259259,0.772274074074074,0.6345666666666667
German Credit,Attribute9,Female,LexicographicGeneticAlgorithmFairFeatureSelection,Validation,2,False,Surrogate,RandomForestClassifier,Female,0.2328048000000001,0.13967552,0.2335000000000001,0.6285213800000001,0.6285213799999999,0.2335,1.86116158,0.7392592592592593,0.8207259259259259,0.662425925925926
German Credit,Attribute9,Female,LexicographicGeneticAlgorithmFairFeatureSelection,Test,2,False,Surrogate,LogisticRegression,Female,0.22353907,0.12315699,0.2281,0.7366464000000005,0.7366463999999999,0.2280999999999999,1.04282135,0.7403703703703705,0.8232185185185186,0.6568814814814815
German Credit,Attribute9,Female,LexicographicGeneticAlgorithmFairFeatureSelection,Test,2,False,Surrogate,SVC,Female,0.22148574,0.1363917899999999,0.2435999999999999,1.06038201,1.06038201,0.2435999999999999,0.87743669,0.7518518518518518,0.832862962962963,0.6633074074074076
German Credit,Attribute9,Female,LexicographicGeneticAlgorithmFairFeatureSelection,Test,2,False,Surrogate,GaussianNB,Female,0.3666223899999999,0.1439403099999999,0.3025999999999999,0.5080605900000001,0.50806059,0.3026,1.25276247,0.7277777777777777,0.7991888888888888,0.6916222222222222
German Credit,Attribute9,Female,LexicographicGeneticAlgorithmFairFeatureSelection,Test,2,False,Surrogate,DecisionTreeClassifier,Female,0.52563413,0.2213985300000001,0.3574000000000001,0.80832362,0.8083236199999999,0.3574000000000001,3.36385668,0.6751851851851853,0.7630074074074075,0.6254814814814814
German Credit,Attribute9,Female,LexicographicGeneticAlgorithmFairFeatureSelection,Test,2,False,Surrogate,RandomForestClassifier,Female,0.3871424,0.2188030599999999,0.3081999999999999,0.9914374800000004,0.99143748,0.3082000000000001,1.97613336,0.7437037037037038,0.8216444444444444,0.6765370370370372
German Credit,Attribute9,Female,LexicographicGeneticAlgorithmFairFeatureSelection,Validation,2,False,Test,XGBClassifier,Female,0.31339775,0.19202239,0.2965,0.72511378,0.7251137799999998,0.2964999999999999,2.25543069,0.7333333333333333,0.8151925925925925,0.6610222222222224
German Credit,Attribute9,Female,LexicographicGeneticAlgorithmFairFeatureSelection,Test,2,False,Test,XGBClassifier,Female,0.4126958399999999,0.22261747,0.4231,0.7978168300000003,0.79781683,0.4231,2.33952202,0.7244444444444444,0.8052814814814815,0.6638444444444441
German Credit,Attribute9,Male,LexicographicGeneticAlgorithmFairFeatureSelection,Validation,1,False,Surrogate,LogisticRegression,Male,0.90191069,0.3940905700000001,0.1968,1.33083439,1.33083439,0.1968,0.82228113,0.7585185185185185,0.838362962962963,0.6670259259259259
German Credit,Attribute9,Male,LexicographicGeneticAlgorithmFairFeatureSelection,Validation,1,False,Surrogate,SVC,Male,0.3212006600000001,0.19687405,0.1346,1.0262523199999998,1.0262523199999998,0.1345999999999999,0.6665764600000001,0.7592592592592591,0.8399444444444447,0.6622592592592594
German Credit,Attribute9,Male,LexicographicGeneticAlgorithmFairFeatureSelection,Validation,1,False,Surrogate,GaussianNB,Male,1.08604971,0.36090201,0.4179,0.73113386,0.73113386,0.4179,1.1782480200000005,0.7374074074074075,0.8050518518518518,0.705211111111111
German Credit,Attribute9,Male,LexicographicGeneticAlgorithmFairFeatureSelection,Validation,1,False,Surrogate,DecisionTreeClassifier,Male,0.5283068600000002,0.20643593,0.2072,0.8928716000000001,0.8928715999999997,0.2071999999999999,3.4223849099999994,0.6888888888888888,0.7752296296296295,0.635274074074074
German Credit,Attribute9,Male,LexicographicGeneticAlgorithmFairFeatureSelection,Validation,1,False,Surrogate,RandomForestClassifier,Male,0.8103593200000002,0.3249113799999999,0.3296999999999999,0.7176659000000003,0.7176659,0.3297000000000001,1.87263269,0.7496296296296295,0.8288481481481482,0.6709037037037037
German Credit,Attribute9,Male,LexicographicGeneticAlgorithmFairFeatureSelection,Test,1,False,Surrogate,LogisticRegression,Male,0.90645482,0.32573858,0.3214000000000001,1.06191788,1.0619178799999998,0.3214000000000001,1.01268691,0.7414814814814816,0.8247555555555555,0.655562962962963
German Credit,Attribute9,Male,LexicographicGeneticAlgorithmFairFeatureSelection,Test,1,False,Surrogate,SVC,Male,0.3481229300000002,0.15675575,0.2740000000000001,0.72210993,0.7221099299999998,0.2739999999999999,0.8111182400000002,0.7555555555555556,0.8358962962962964,0.6659592592592594
German Credit,Attribute9,Male,LexicographicGeneticAlgorithmFairFeatureSelection,Test,1,False,Surrogate,GaussianNB,Male,1.74792388,0.34115882,0.5114000000000002,0.5645914100000001,0.5645914100000001,0.5114000000000001,1.3540442400000003,0.7207407407407407,0.7916703703703705,0.6925888888888889
German Credit,Attribute9,Male,LexicographicGeneticAlgorithmFairFeatureSelection,Test,1,False,Surrogate,DecisionTreeClassifier,Male,0.8050489399999999,0.27362743,0.4425000000000001,0.8169404199999999,0.8169404199999999,0.4425000000000001,3.466578909999999,0.6655555555555556,0.7552222222222222,0.6161333333333334
German Credit,Attribute9,Male,LexicographicGeneticAlgorithmFairFeatureSelection,Test,1,False,Surrogate,RandomForestClassifier,Male,0.5827972599999999,0.2478169799999999,0.3325,0.7009021600000002,0.7009021599999999,0.3325,1.7726411300000005,0.7488888888888888,0.8266518518518519,0.6770703703703704
German Credit,Attribute9,Male,LexicographicGeneticAlgorithmFairFeatureSelection,Validation,1,False,Test,XGBClassifier,Male,0.85764936,0.2859484199999999,0.3831,0.6881918600000002,0.6881918600000001,0.3830999999999999,2.2533502400000005,0.728148148148148,0.8113592592592593,0.6566037037037039
German Credit,Attribute9,Male,LexicographicGeneticAlgorithmFairFeatureSelection,Test,1,False,Test,XGBClassifier,Male,1.1135697400000002,0.3599504099999999,0.4071999999999999,0.64516595,0.6451659499999999,0.4072,2.4185080200000004,0.7248148148148148,0.8064592592592591,0.6612888888888888
German Credit,Attribute9,Male,LexicographicGeneticAlgorithmFairFeatureSelection,Validation,2,False,Surrogate,LogisticRegression,Male,0.97841632,0.3725821300000001,0.2286,1.23595966,1.2359596599999998,0.2286,0.8366518000000001,0.7522222222222221,0.8340444444444444,0.6582962962962962
German Credit,Attribute9,Male,LexicographicGeneticAlgorithmFairFeatureSelection,Validation,2,False,Surrogate,SVC,Male,0.3749962900000001,0.20169476,0.1981,0.90398442,0.90398442,0.1980999999999999,0.6827091300000002,0.7496296296296298,0.8345481481481484,0.646914814814815
German Credit,Attribute9,Male,LexicographicGeneticAlgorithmFairFeatureSelection,Validation,2,False,Surrogate,GaussianNB,Male,3.220281069999999,0.44509212,0.5454,0.7549267999999999,0.7549267999999999,0.5454,1.2536771300000005,0.7292592592592592,0.7975222222222221,0.6986814814814813
German Credit,Attribute9,Male,LexicographicGeneticAlgorithmFairFeatureSelection,Validation,2,False,Surrogate,DecisionTreeClassifier,Male,0.8065020099999998,0.4099901600000001,0.2931000000000001,1.3872776100000002,1.3872776099999995,0.2930999999999999,3.3170357999999998,0.6822222222222222,0.7690222222222223,0.6298037037037036
German Credit,Attribute9,Male,LexicographicGeneticAlgorithmFairFeatureSelection,Validation,2,False,Surrogate,RandomForestClassifier,Male,0.87073366,0.31634391,0.3679999999999999,0.5898242900000003,0.58982429,0.3680000000000001,1.88877758,0.7422222222222222,0.8231481481481482,0.6634925925925925
German Credit,Attribute9,Male,LexicographicGeneticAlgorithmFairFeatureSelection,Test,2,False,Surrogate,LogisticRegression,Male,1.3489463000000002,0.42264185,0.4839,1.09475499,1.0947549899999998,0.4839000000000001,0.9738518000000002,0.7370370370370369,0.8212481481481482,0.6516851851851853
German Credit,Attribute9,Male,LexicographicGeneticAlgorithmFairFeatureSelection,Test,2,False,Surrogate,SVC,Male,0.3621207600000001,0.16442246,0.2531000000000001,0.5867476400000001,0.58674764,0.2530999999999999,0.84939935,0.7511111111111112,0.833488888888889,0.6578407407407408
German Credit,Attribute9,Male,LexicographicGeneticAlgorithmFairFeatureSelection,Test,2,False,Surrogate,GaussianNB,Male,4.276450189999999,0.5663256900000001,0.8889,0.5715447800000001,0.5715447800000001,0.8888999999999998,1.38280313,0.7133333333333333,0.7846555555555557,0.6865851851851852
German Credit,Attribute9,Male,LexicographicGeneticAlgorithmFairFeatureSelection,Test,2,False,Surrogate,DecisionTreeClassifier,Male,0.88761061,0.37456701,0.5960000000000001,0.86962882,0.86962882,0.596,3.357312909999999,0.6533333333333337,0.7452,0.6031703703703704
German Credit,Attribute9,Male,LexicographicGeneticAlgorithmFairFeatureSelection,Test,2,False,Surrogate,RandomForestClassifier,Male,0.56151492,0.23793656,0.2801,0.61540079,0.6154007899999999,0.2801,1.7593060200000006,0.7399999999999999,0.8204481481481481,0.666837037037037
German Credit,Attribute9,Male,LexicographicGeneticAlgorithmFairFeatureSelection,Validation,2,False,Test,XGBClassifier,Male,0.4898559700000001,0.1782382599999999,0.3059999999999999,0.64966945,0.64966945,0.3059999999999999,2.3195402400000003,0.7225925925925923,0.8059629629629631,0.6526407407407407
German Credit,Attribute9,Male,LexicographicGeneticAlgorithmFairFeatureSelection,Test,2,False,Test,XGBClassifier,Male,1.0421666900000002,0.3359404699999999,0.417,0.5072336600000001,0.50723366,0.4170000000000001,2.41770713,0.7103703703703703,0.7946666666666666,0.6470888888888887
German Credit,Attribute9,Attribute9,MulticlassLexicographicGeneticAlgorithmFairFeatureSelection,Validation,1,False,Surrogate,LogisticRegression,Female,0.4211227699999999,0.3005990800000001,0.1656,1.3188702,1.3188702,0.1656,0.8429022400000001,0.7596296296296297,0.839159259259259,0.6674555555555556
German Credit,Attribute9,Attribute9,MulticlassLexicographicGeneticAlgorithmFairFeatureSelection,Validation,1,False,Surrogate,LogisticRegression,Male,0.66137971,0.3005990800000001,0.1656,1.3188702,1.3188702,0.1656,0.8429022400000001,0.7596296296296297,0.839159259259259,0.6674555555555556
German Credit,Attribute9,Attribute9,MulticlassLexicographicGeneticAlgorithmFairFeatureSelection,Validation,1,False,Surrogate,SVC,Female,0.32044015,0.19890471,0.1490999999999999,1.23636959,1.23636959,0.1490999999999999,0.6847886799999999,0.7633333333333332,0.8422925925925928,0.6676370370370373
German Credit,Attribute9,Attribute9,MulticlassLexicographicGeneticAlgorithmFairFeatureSelection,Validation,1,False,Surrogate,SVC,Male,0.3306090600000001,0.19890471,0.1491,1.23636959,1.23636959,0.1490999999999999,0.6847886799999999,0.7633333333333332,0.8422925925925928,0.6676370370370373
German Credit,Attribute9,Attribute9,MulticlassLexicographicGeneticAlgorithmFairFeatureSelection,Validation,1,False,Surrogate,GaussianNB,Female,0.8414838400000001,0.3673470699999999,0.4452,1.0773506899999998,1.07735069,0.4451999999999999,1.1010629100000002,0.7325925925925925,0.801525925925926,0.7000074074074073
German Credit,Attribute9,Attribute9,MulticlassLexicographicGeneticAlgorithmFairFeatureSelection,Validation,1,False,Surrogate,GaussianNB,Male,1.4042031100000003,0.3673470699999999,0.4452,1.0773506899999998,1.07735069,0.4451999999999999,1.1010629100000002,0.7325925925925925,0.801525925925926,0.7000074074074073
German Credit,Attribute9,Attribute9,MulticlassLexicographicGeneticAlgorithmFairFeatureSelection,Validation,1,False,Surrogate,DecisionTreeClassifier,Female,0.5468240899999999,0.28564237,0.3488999999999999,0.78633419,0.78633419,0.3488999999999999,3.48008891,0.6822222222222222,0.7699037037037036,0.6298074074074073
German Credit,Attribute9,Attribute9,MulticlassLexicographicGeneticAlgorithmFairFeatureSelection,Validation,1,False,Surrogate,DecisionTreeClassifier,Male,0.8378711000000002,0.28564237,0.3489,0.7863341900000003,0.78633419,0.3488999999999999,3.48008891,0.6822222222222222,0.7699037037037036,0.6298074074074073
German Credit,Attribute9,Attribute9,MulticlassLexicographicGeneticAlgorithmFairFeatureSelection,Validation,1,False,Surrogate,RandomForestClassifier,Female,0.4686797599999999,0.31475067,0.3122,0.75192883,0.7519288299999998,0.3122000000000001,1.7135311300000002,0.7492592592592594,0.829825925925926,0.6653444444444445
German Credit,Attribute9,Attribute9,MulticlassLexicographicGeneticAlgorithmFairFeatureSelection,Validation,1,False,Surrogate,RandomForestClassifier,Male,0.7553850500000004,0.31475067,0.3121999999999999,0.7519288300000001,0.7519288299999998,0.3122000000000001,1.7135311300000002,0.7492592592592594,0.829825925925926,0.6653444444444445
German Credit,Attribute9,Attribute9,MulticlassLexicographicGeneticAlgorithmFairFeatureSelection,Test,1,False,Surrogate,LogisticRegression,Female,0.28347784,0.1811614099999999,0.2846,0.67251194,0.6725119399999997,0.2845999999999999,0.92664691,0.7433333333333335,0.8271481481481481,0.6540666666666668
German Credit,Attribute9,Attribute9,MulticlassLexicographicGeneticAlgorithmFairFeatureSelection,Test,1,False,Surrogate,LogisticRegression,Male,0.4368559999999999,0.1811614099999999,0.2846000000000001,0.6725119399999998,0.6725119399999997,0.2845999999999999,0.92664691,0.7433333333333335,0.8271481481481481,0.6540666666666668
German Credit,Attribute9,Attribute9,MulticlassLexicographicGeneticAlgorithmFairFeatureSelection,Test,1,False,Surrogate,SVC,Female,0.2490947899999999,0.1593085399999999,0.2990999999999999,0.8184988800000002,0.8184988799999999,0.2990999999999999,0.81290269,0.7525925925925926,0.8341074074074074,0.6617333333333334
German Credit,Attribute9,Attribute9,MulticlassLexicographicGeneticAlgorithmFairFeatureSelection,Test,1,False,Surrogate,SVC,Male,0.3283864100000001,0.1593085399999999,0.2991000000000001,0.81849888,0.8184988799999999,0.2990999999999999,0.81290269,0.7525925925925926,0.8341074074074074,0.6617333333333334
German Credit,Attribute9,Attribute9,MulticlassLexicographicGeneticAlgorithmFairFeatureSelection,Test,1,False,Surrogate,GaussianNB,Female,0.81004644,0.3224824799999999,0.5408999999999999,0.3603617900000001,0.3603617899999999,0.5409000000000002,1.34738357,0.7211111111111111,0.7912814814814816,0.6946259259259259
German Credit,Attribute9,Attribute9,MulticlassLexicographicGeneticAlgorithmFairFeatureSelection,Test,1,False,Surrogate,GaussianNB,Male,1.41068266,0.3224824799999999,0.5409000000000003,0.36036179,0.3603617899999999,0.5409000000000002,1.34738357,0.7211111111111111,0.7912814814814816,0.6946259259259259
German Credit,Attribute9,Attribute9,MulticlassLexicographicGeneticAlgorithmFairFeatureSelection,Test,1,False,Surrogate,DecisionTreeClassifier,Female,0.87808762,0.42814151,0.496,0.68573368,0.68573368,0.496,3.4097086899999995,0.6822222222222222,0.7689666666666668,0.6319185185185184
German Credit,Attribute9,Attribute9,MulticlassLexicographicGeneticAlgorithmFairFeatureSelection,Test,1,False,Surrogate,DecisionTreeClassifier,Male,1.59161558,0.42814151,0.4960000000000001,0.6857336800000002,0.68573368,0.496,3.4097086899999995,0.6822222222222222,0.7689666666666668,0.6319185185185184
German Credit,Attribute9,Attribute9,MulticlassLexicographicGeneticAlgorithmFairFeatureSelection,Test,1,False,Surrogate,RandomForestClassifier,Female,0.54162467,0.33884596,0.4005000000000001,0.8267931900000002,0.8267931899999998,0.4005,1.87770891,0.7444444444444445,0.8241,0.6693148148148149
German Credit,Attribute9,Attribute9,MulticlassLexicographicGeneticAlgorithmFairFeatureSelection,Test,1,False,Surrogate,RandomForestClassifier,Male,0.8093379099999999,0.33884596,0.4005,0.8267931900000001,0.8267931899999998,0.4005,1.87770891,0.7444444444444445,0.8241,0.6693148148148149
German Credit,Attribute9,Attribute9,MulticlassLexicographicGeneticAlgorithmFairFeatureSelection,Validation,1,False,Test,XGBClassifier,Female,0.6186001700000002,0.3839902400000001,0.4740999999999999,0.7168325700000002,0.7168325699999999,0.4740999999999999,2.04518135,0.731111111111111,0.8145925925925925,0.6551962962962963
German Credit,Attribute9,Attribute9,MulticlassLexicographicGeneticAlgorithmFairFeatureSelection,Validation,1,False,Test,XGBClassifier,Male,1.0748642499999996,0.3839902400000001,0.4741,0.7168325700000001,0.7168325699999999,0.4740999999999999,2.04518135,0.731111111111111,0.8145925925925925,0.6551962962962963
German Credit,Attribute9,Attribute9,MulticlassLexicographicGeneticAlgorithmFairFeatureSelection,Test,1,False,Test,XGBClassifier,Female,0.6384723299999999,0.3792009300000001,0.389,0.9027922400000002,0.9027922399999998,0.389,2.2911389100000004,0.731111111111111,0.8126370370370368,0.6626037037037037
German Credit,Attribute9,Attribute9,MulticlassLexicographicGeneticAlgorithmFairFeatureSelection,Test,1,False,Test,XGBClassifier,Male,1.2733380900000004,0.3792009300000001,0.3889999999999999,0.90279224,0.9027922399999998,0.389,2.2911389100000004,0.731111111111111,0.8126370370370368,0.6626037037037037
German Credit,Attribute9,Attribute9,MulticlassLexicographicGeneticAlgorithmFairFeatureSelection,Validation,2,False,Surrogate,LogisticRegression,Female,0.4406891999999999,0.30520816,0.1928,1.2295960500000005,1.2295960499999998,0.1928,0.8310111299999999,0.7507407407407406,0.8336296296296296,0.6537037037037037
German Credit,Attribute9,Attribute9,MulticlassLexicographicGeneticAlgorithmFairFeatureSelection,Validation,2,False,Surrogate,LogisticRegression,Male,0.7690294199999999,0.30520816,0.1928,1.2295960499999998,1.2295960499999998,0.1928,0.8310111299999999,0.7507407407407406,0.8336296296296296,0.6537037037037037
German Credit,Attribute9,Attribute9,MulticlassLexicographicGeneticAlgorithmFairFeatureSelection,Validation,2,False,Surrogate,SVC,Female,0.37359011,0.22928886,0.1844999999999999,1.0929795999999998,1.0929795999999998,0.1844999999999999,0.7310644600000001,0.757037037037037,0.8390407407407409,0.6560814814814816
German Credit,Attribute9,Attribute9,MulticlassLexicographicGeneticAlgorithmFairFeatureSelection,Validation,2,False,Surrogate,SVC,Male,0.4350041100000002,0.22928886,0.1845,1.0929795999999998,1.0929795999999998,0.1844999999999999,0.7310644600000001,0.757037037037037,0.8390407407407409,0.6560814814814816
German Credit,Attribute9,Attribute9,MulticlassLexicographicGeneticAlgorithmFairFeatureSelection,Validation,2,False,Surrogate,GaussianNB,Female,0.95575644,0.44122272,0.56,0.9939708199999998,0.9939708199999998,0.5599999999999999,1.07817491,0.7222222222222221,0.7946259259259258,0.683425925925926
German Credit,Attribute9,Attribute9,MulticlassLexicographicGeneticAlgorithmFairFeatureSelection,Validation,2,False,Surrogate,GaussianNB,Male,3.4965047200000003,0.44122272,0.56,0.9939708200000004,0.9939708199999998,0.5599999999999999,1.07817491,0.7222222222222221,0.7946259259259258,0.683425925925926
German Credit,Attribute9,Attribute9,MulticlassLexicographicGeneticAlgorithmFairFeatureSelection,Validation,2,False,Surrogate,DecisionTreeClassifier,Female,0.5132792499999999,0.26295588,0.3206,0.7644199899999999,0.7644199899999999,0.3206,3.29874491,0.6774074074074073,0.7656740740740742,0.6235444444444445
German Credit,Attribute9,Attribute9,MulticlassLexicographicGeneticAlgorithmFairFeatureSelection,Validation,2,False,Surrogate,DecisionTreeClassifier,Male,0.7749180700000001,0.26295588,0.3206,0.7644199900000002,0.7644199899999999,0.3206,3.29874491,0.6774074074074073,0.7656740740740742,0.6235444444444445
German Credit,Attribute9,Attribute9,MulticlassLexicographicGeneticAlgorithmFairFeatureSelection,Validation,2,False,Surrogate,RandomForestClassifier,Female,0.43725796,0.2869790999999999,0.3464,0.7470201099999999,0.7470201099999997,0.3464000000000001,1.73839402,0.7377777777777779,0.8224666666666666,0.6490296296296295
German Credit,Attribute9,Attribute9,MulticlassLexicographicGeneticAlgorithmFairFeatureSelection,Validation,2,False,Surrogate,RandomForestClassifier,Male,0.7395174800000003,0.2869790999999999,0.3463999999999999,0.74702011,0.7470201099999997,0.3464000000000001,1.73839402,0.7377777777777779,0.8224666666666666,0.6490296296296295
German Credit,Attribute9,Attribute9,MulticlassLexicographicGeneticAlgorithmFairFeatureSelection,Test,2,False,Surrogate,LogisticRegression,Female,0.4535392399999999,0.2758088299999999,0.4597,0.7225207400000002,0.7225207399999998,0.4597,0.8920900199999999,0.7381481481481482,0.8238259259259259,0.6461333333333334
German Credit,Attribute9,Attribute9,MulticlassLexicographicGeneticAlgorithmFairFeatureSelection,Test,2,False,Surrogate,LogisticRegression,Male,0.8728106099999999,0.2758088299999999,0.4597,0.7225207399999998,0.7225207399999998,0.4597,0.8920900199999999,0.7381481481481482,0.8238259259259259,0.6461333333333334
German Credit,Attribute9,Attribute9,MulticlassLexicographicGeneticAlgorithmFairFeatureSelection,Test,2,False,Surrogate,SVC,Female,0.2440376099999999,0.1580969499999999,0.2726999999999999,0.7676364300000001,0.76763643,0.2726999999999999,0.8406657999999999,0.7425925925925925,0.8281037037037037,0.6468296296296296
German Credit,Attribute9,Attribute9,MulticlassLexicographicGeneticAlgorithmFairFeatureSelection,Test,2,False,Surrogate,SVC,Male,0.3319389900000001,0.1580969499999999,0.2727000000000001,0.76763643,0.76763643,0.2726999999999999,0.8406657999999999,0.7425925925925925,0.8281037037037037,0.6468296296296296
German Credit,Attribute9,Attribute9,MulticlassLexicographicGeneticAlgorithmFairFeatureSelection,Test,2,False,Surrogate,GaussianNB,Female,1.07781328,0.44342241,0.6757,0.3687023300000001,0.3687023299999999,0.6757,1.3017922399999995,0.7203703703703703,0.7914444444444444,0.6884481481481481
German Credit,Attribute9,Attribute9,MulticlassLexicographicGeneticAlgorithmFairFeatureSelection,Test,2,False,Surrogate,GaussianNB,Male,3.5971133399999995,0.44342241,0.6757000000000001,0.36870233,0.3687023299999999,0.6757,1.3017922399999995,0.7203703703703703,0.7914444444444444,0.6884481481481481
German Credit,Attribute9,Attribute9,MulticlassLexicographicGeneticAlgorithmFairFeatureSelection,Test,2,False,Surrogate,DecisionTreeClassifier,Female,0.95554491,0.45456562,0.4768,0.85362311,0.85362311,0.4768,3.3087640199999995,0.6711111111111111,0.7589481481481484,0.621862962962963
German Credit,Attribute9,Attribute9,MulticlassLexicographicGeneticAlgorithmFairFeatureSelection,Test,2,False,Surrogate,DecisionTreeClassifier,Male,1.62443192,0.45456562,0.4768000000000001,0.85362311,0.85362311,0.4768,3.3087640199999995,0.6711111111111111,0.7589481481481484,0.621862962962963
German Credit,Attribute9,Attribute9,MulticlassLexicographicGeneticAlgorithmFairFeatureSelection,Test,2,False,Surrogate,RandomForestClassifier,Female,0.53372328,0.33466439,0.3968,0.7592920600000002,0.7592920599999998,0.3968,1.8151578000000004,0.7322222222222223,0.8160629629629631,0.6535333333333335
German Credit,Attribute9,Attribute9,MulticlassLexicographicGeneticAlgorithmFairFeatureSelection,Test,2,False,Surrogate,RandomForestClassifier,Male,0.7978845299999998,0.33466439,0.3968,0.7592920599999999,0.7592920599999998,0.3968,1.8151578000000004,0.7322222222222223,0.8160629629629631,0.6535333333333335
German Credit,Attribute9,Attribute9,MulticlassLexicographicGeneticAlgorithmFairFeatureSelection,Validation,2,False,Test,XGBClassifier,Female,0.38378073,0.22179849,0.3124,0.5940435900000003,0.59404359,0.3124,2.1855249000000003,0.7237037037037036,0.8076592592592592,0.6499111111111112
German Credit,Attribute9,Attribute9,MulticlassLexicographicGeneticAlgorithmFairFeatureSelection,Validation,2,False,Test,XGBClassifier,Male,0.5279779900000001,0.22179849,0.3123999999999999,0.5940435900000002,0.59404359,0.3124,2.1855249000000003,0.7237037037037036,0.8076592592592592,0.6499111111111112
German Credit,Attribute9,Attribute9,MulticlassLexicographicGeneticAlgorithmFairFeatureSelection,Test,2,False,Test,XGBClassifier,Female,0.5884562600000001,0.33535003,0.3422,0.89657901,0.8965790099999997,0.3422,2.28951691,0.7174074074074073,0.8008925925925924,0.6506962962962963
German Credit,Attribute9,Attribute9,MulticlassLexicographicGeneticAlgorithmFairFeatureSelection,Test,2,False,Test,XGBClassifier,Male,1.17153626,0.33535003,0.3422,0.8965790099999998,0.8965790099999997,0.3422,2.28951691,0.7174074074074073,0.8008925925925924,0.6506962962962963
German Credit,Attribute9,Attribute9,FairGenes,Validation,1,False,Surrogate,LogisticRegression,Female,0.28333904,0.1859420199999999,0.0881,1.16481471,1.16481471,0.0881,0.61932269,0.7737037037037037,0.8521296296296297,0.6708185185185184
German Credit,Attribute9,Attribute9,FairGenes,Validation,1,False,Surrogate,LogisticRegression,Male,0.3185488800000001,0.1859420199999999,0.0881,1.16481471,1.16481471,0.0881,0.61932269,0.7737037037037037,0.8521296296296297,0.6708185185185184
German Credit,Attribute9,Attribute9,FairGenes,Validation,1,False,Surrogate,SVC,Female,0.1356161299999999,0.09181145,0.0842000000000001,0.60831403,0.60831403,0.0842,0.6472098,0.7733333333333333,0.851477777777778,0.6705481481481483
German Credit,Attribute9,Attribute9,FairGenes,Validation,1,False,Surrogate,SVC,Male,0.16141593,0.09181145,0.0842,0.6083140300000001,0.60831403,0.0842,0.6472098,0.7733333333333333,0.851477777777778,0.6705481481481483
German Credit,Attribute9,Attribute9,FairGenes,Validation,1,False,Surrogate,GaussianNB,Female,1.043771549999999,0.4145526699999999,0.3506999999999999,1.1352068500000003,1.1352068500000003,0.3506999999999999,1.2083397999999996,0.738888888888889,0.8088111111111109,0.6932037037037035
German Credit,Attribute9,Attribute9,FairGenes,Validation,1,False,Surrogate,GaussianNB,Male,1.15679563,0.4145526699999999,0.3506999999999999,1.1352068500000003,1.1352068500000003,0.3506999999999999,1.2083397999999996,0.738888888888889,0.8088111111111109,0.6932037037037035
German Credit,Attribute9,Attribute9,FairGenes,Validation,1,False,Surrogate,DecisionTreeClassifier,Female,0.5263016300000001,0.23365946,0.3019000000000001,1.00935461,1.00935461,0.3019,3.214024020000001,0.6866666666666666,0.7722444444444446,0.6361592592592594
German Credit,Attribute9,Attribute9,FairGenes,Validation,1,False,Surrogate,DecisionTreeClassifier,Male,0.5822536200000001,0.23365946,0.3018999999999999,1.0093546100000002,1.00935461,0.3019,3.214024020000001,0.6866666666666666,0.7722444444444446,0.6361592592592594
German Credit,Attribute9,Attribute9,FairGenes,Validation,1,False,Surrogate,RandomForestClassifier,Female,0.3534029800000001,0.22497838,0.1928,0.72202513,0.72202513,0.1928,1.26267513,0.7718518518518519,0.8469777777777778,0.6839518518518518
German Credit,Attribute9,Attribute9,FairGenes,Validation,1,False,Surrogate,RandomForestClassifier,Male,0.5033645600000001,0.22497838,0.1928,0.7220251300000001,0.72202513,0.1928,1.26267513,0.7718518518518519,0.8469777777777778,0.6839518518518518
German Credit,Attribute9,Attribute9,FairGenes,Test,1,False,Surrogate,LogisticRegression,Female,0.36994374,0.2269738199999999,0.2104000000000001,0.54644896,0.5464489599999999,0.2103999999999999,0.9469215800000002,0.735185185185185,0.8232925925925927,0.6362481481481481
German Credit,Attribute9,Attribute9,FairGenes,Test,1,False,Surrogate,LogisticRegression,Male,0.5655352299999999,0.2269738199999999,0.2104000000000001,0.5464489600000002,0.5464489599999999,0.2103999999999999,0.9469215800000002,0.735185185185185,0.8232925925925927,0.6362481481481481
German Credit,Attribute9,Attribute9,FairGenes,Test,1,False,Surrogate,SVC,Female,0.20968996,0.1335004999999999,0.1474,0.9118604200000002,0.91186042,0.1474,0.83927113,0.742962962962963,0.8287666666666667,0.6446259259259259
German Credit,Attribute9,Attribute9,FairGenes,Test,1,False,Surrogate,SVC,Male,0.25119766,0.1335004999999999,0.1474,0.91186042,0.91186042,0.1474,0.83927113,0.742962962962963,0.8287666666666667,0.6446259259259259
German Credit,Attribute9,Attribute9,FairGenes,Test,1,False,Surrogate,GaussianNB,Female,1.03013334,0.4550389900000001,0.4496,0.75885504,0.75885504,0.4496000000000001,1.4679198000000002,0.7200000000000001,0.7945222222222222,0.6793555555555556
German Credit,Attribute9,Attribute9,FairGenes,Test,1,False,Surrogate,GaussianNB,Male,2.14614213,0.4550389900000001,0.4496000000000001,0.75885504,0.75885504,0.4496000000000001,1.4679198000000002,0.7200000000000001,0.7945222222222222,0.6793555555555556
German Credit,Attribute9,Attribute9,FairGenes,Test,1,False,Surrogate,DecisionTreeClassifier,Female,0.75189983,0.3770192000000001,0.4693,0.8213901800000002,0.82139018,0.4693000000000001,3.4320909099999994,0.6681481481481482,0.7564629629629629,0.6186999999999999
German Credit,Attribute9,Attribute9,FairGenes,Test,1,False,Surrogate,DecisionTreeClassifier,Male,1.3366957499999998,0.3770192000000001,0.4693000000000001,0.8213901800000002,0.82139018,0.4693000000000001,3.4320909099999994,0.6681481481481482,0.7564629629629629,0.6186999999999999
German Credit,Attribute9,Attribute9,FairGenes,Test,1,False,Surrogate,RandomForestClassifier,Female,0.2624626699999999,0.1796082199999999,0.2578000000000001,0.7782309700000002,0.77823097,0.2578,1.51856224,0.7433333333333332,0.8264592592592591,0.6568777777777778
German Credit,Attribute9,Attribute9,FairGenes,Test,1,False,Surrogate,RandomForestClassifier,Male,0.3756850300000001,0.1796082199999999,0.2577999999999999,0.7782309700000002,0.77823097,0.2578,1.51856224,0.7433333333333332,0.8264592592592591,0.6568777777777778
German Credit,Attribute9,Attribute9,FairGenes,Validation,1,False,Test,XGBClassifier,Female,0.4252532199999999,0.25184684,0.2461000000000001,0.9288806200000002,0.9288806200000002,0.2461000000000001,1.98702469,0.7437037037037041,0.8228333333333333,0.6712555555555555
German Credit,Attribute9,Attribute9,FairGenes,Validation,1,False,Test,XGBClassifier,Male,0.6127712999999999,0.25184684,0.2461,0.9288806200000002,0.9288806200000002,0.2461000000000001,1.98702469,0.7437037037037041,0.8228333333333333,0.6712555555555555
German Credit,Attribute9,Attribute9,FairGenes,Test,1,False,Test,XGBClassifier,Female,0.4331036499999998,0.24368804,0.2808,1.1256843700000003,1.12568437,0.2808,2.22877891,0.724074074074074,0.8076555555555557,0.6551111111111111
German Credit,Attribute9,Attribute9,FairGenes,Test,1,False,Test,XGBClassifier,Male,0.5228578400000001,0.24368804,0.2808,1.12568437,1.12568437,0.2808,2.22877891,0.724074074074074,0.8076555555555557,0.6551111111111111
German Credit,Attribute9,Attribute9,FairGenes,Validation,2,False,Surrogate,LogisticRegression,Female,0.34751736,0.26342113,0.1708,1.2182810200000005,1.21828102,0.1708,0.6157689099999998,0.7611111111111112,0.8457814814814815,0.645948148148148
German Credit,Attribute9,Attribute9,FairGenes,Validation,2,False,Surrogate,LogisticRegression,Male,0.5900673699999999,0.26342113,0.1708,1.2182810199999998,1.21828102,0.1708,0.6157689099999998,0.7611111111111112,0.8457814814814815,0.645948148148148
German Credit,Attribute9,Attribute9,FairGenes,Validation,2,False,Surrogate,SVC,Female,0.3303306,0.22950338,0.2124,0.8527123300000001,0.8527123299999999,0.2124,0.71484669,0.7674074074074073,0.8489111111111112,0.6582074074074075
German Credit,Attribute9,Attribute9,FairGenes,Validation,2,False,Surrogate,SVC,Male,0.5876920400000002,0.22950338,0.2124000000000001,0.8527123299999999,0.8527123299999999,0.2124,0.71484669,0.7674074074074073,0.8489111111111112,0.6582074074074075
German Credit,Attribute9,Attribute9,FairGenes,Validation,2,False,Surrogate,GaussianNB,Female,0.55912003,0.2876648699999999,0.2252000000000001,0.77479333,0.77479333,0.2251999999999999,0.95209535,0.7448148148148148,0.8203037037037035,0.6762777777777779
German Credit,Attribute9,Attribute9,FairGenes,Validation,2,False,Surrogate,GaussianNB,Male,0.64199276,0.2876648699999999,0.2252000000000001,0.7747933300000002,0.77479333,0.2251999999999999,0.95209535,0.7448148148148148,0.8203037037037035,0.6762777777777779
German Credit,Attribute9,Attribute9,FairGenes,Validation,2,False,Surrogate,DecisionTreeClassifier,Female,0.5206193099999998,0.25268606,0.5259000000000001,0.5775833400000001,0.57758334,0.5259,3.266293349999999,0.6962962962962963,0.7820037037037038,0.6395111111111113
German Credit,Attribute9,Attribute9,FairGenes,Validation,2,False,Surrogate,DecisionTreeClassifier,Male,0.6829010799999999,0.25268606,0.5259000000000001,0.5775833400000001,0.57758334,0.5259,3.266293349999999,0.6962962962962963,0.7820037037037038,0.6395111111111113
German Credit,Attribute9,Attribute9,FairGenes,Validation,2,False,Surrogate,RandomForestClassifier,Female,0.3053088100000001,0.20751016,0.2355999999999999,0.7349633900000001,0.73496339,0.2355999999999999,1.42653891,0.761111111111111,0.8397703703703704,0.6699333333333334
German Credit,Attribute9,Attribute9,FairGenes,Validation,2,False,Surrogate,RandomForestClassifier,Male,0.4411212900000001,0.20751016,0.2356000000000001,0.7349633900000001,0.73496339,0.2355999999999999,1.42653891,0.761111111111111,0.8397703703703704,0.6699333333333334
German Credit,Attribute9,Attribute9,FairGenes,Test,2,False,Surrogate,LogisticRegression,Female,0.34413441,0.22870806,0.3072000000000001,0.39519578,0.39519578,0.3072,0.80798602,0.7325925925925925,0.8234555555555555,0.6252185185185184
German Credit,Attribute9,Attribute9,FairGenes,Test,2,False,Surrogate,LogisticRegression,Male,0.5045470100000001,0.22870806,0.3072,0.3951957800000001,0.39519578,0.3072,0.80798602,0.7325925925925925,0.8234555555555555,0.6252185185185184
German Credit,Attribute9,Attribute9,FairGenes,Test,2,False,Surrogate,SVC,Female,0.1813020299999999,0.0967348599999999,0.2267000000000001,0.7849586500000002,0.7849586499999999,0.2267,0.81023424,0.7322222222222223,0.8219555555555552,0.6274222222222222
German Credit,Attribute9,Attribute9,FairGenes,Test,2,False,Surrogate,SVC,Male,0.18117873,0.0967348599999999,0.2266999999999999,0.7849586499999999,0.7849586499999999,0.2267,0.81023424,0.7322222222222223,0.8219555555555552,0.6274222222222222
German Credit,Attribute9,Attribute9,FairGenes,Test,2,False,Surrogate,GaussianNB,Female,0.78801217,0.36947599,0.4160999999999999,0.6295599399999999,0.6295599399999999,0.4160999999999999,1.32972602,0.715925925925926,0.7967629629629628,0.6552925925925926
German Credit,Attribute9,Attribute9,FairGenes,Test,2,False,Surrogate,GaussianNB,Male,1.56053438,0.36947599,0.4161,0.6295599399999999,0.6295599399999999,0.4160999999999999,1.32972602,0.715925925925926,0.7967629629629628,0.6552925925925926
German Credit,Attribute9,Attribute9,FairGenes,Test,2,False,Surrogate,DecisionTreeClassifier,Female,1.19416902,0.52874316,0.5967,0.7194401100000001,0.7194401100000001,0.5967,3.2359702399999994,0.6670370370370371,0.7587666666666666,0.6087222222222222
German Credit,Attribute9,Attribute9,FairGenes,Test,2,False,Surrogate,DecisionTreeClassifier,Male,1.95775782,0.52874316,0.5967,0.7194401100000001,0.7194401100000001,0.5967,3.2359702399999994,0.6670370370370371,0.7587666666666666,0.6087222222222222
German Credit,Attribute9,Attribute9,FairGenes,Test,2,False,Surrogate,RandomForestClassifier,Female,0.2397352399999999,0.1492954699999999,0.2868,0.6381453800000002,0.63814538,0.2868,1.68654669,0.7314814814814815,0.8173851851851852,0.6459444444444444
German Credit,Attribute9,Attribute9,FairGenes,Test,2,False,Surrogate,RandomForestClassifier,Male,0.31476911,0.1492954699999999,0.2868,0.6381453800000002,0.63814538,0.2868,1.68654669,0.7314814814814815,0.8173851851851852,0.6459444444444444
German Credit,Attribute9,Attribute9,FairGenes,Validation,2,False,Test,XGBClassifier,Female,0.39747422,0.24284492,0.2242,1.02954612,1.02954612,0.2242,2.0067278,0.7337037037037037,0.8176481481481482,0.6524666666666669
German Credit,Attribute9,Attribute9,FairGenes,Validation,2,False,Test,XGBClassifier,Male,0.48900703,0.24284492,0.2241999999999999,1.02954612,1.02954612,0.2242,2.0067278,0.7337037037037037,0.8176481481481482,0.6524666666666669
German Credit,Attribute9,Attribute9,FairGenes,Test,2,False,Test,XGBClassifier,Female,0.56303999,0.32116385,0.4642000000000001,0.8129247300000002,0.81292473,0.4642000000000001,2.20870224,0.7174074074074075,0.8038074074074074,0.6429407407407408
German Credit,Attribute9,Attribute9,FairGenes,Test,2,False,Test,XGBClassifier,Male,0.7501021399999999,0.32116385,0.4641999999999999,0.8129247300000001,0.81292473,0.4642000000000001,2.20870224,0.7174074074074075,0.8038074074074074,0.6429407407407408
